Type,Days for shipping (real),Days for shipment (scheduled),Benefit per order,Sales per customer,Delivery Status,Late_delivery_risk,Category Id,Category Name,Customer Id,Customer name,Customer City,Customer Country,Customer Segment,Customer State,Customer Street,Customer Zipcode,Department Id,Department Name,Latitude,Longitude,Market,Order City,Order Country,Order Customer Id,order date (DateOrders),Order Id,Order Item Cardprod Id,Order Item Discount,Order Item Discount Rate,Order Item Id,Order Item Product Price,Order Item Profit Ratio,Order Item Quantity,Sales,Order Item Total,Order Profit Per Order,Order Region,Order State,Order Status,Product Card Id,Product Category Id,Product Name,Product Price,Product Status,shipping date (DateOrders),Shipping Mode
DEBIT,4,4,59.99000168,299.9599915,Shipping on time,0,63,Children's Clothing,14046,Zena Elliott,CA,EE. UU.,Consumer,PA,El Monte,19380,4,Apparel,34.07189179,-118.0138855,Europe,Sheffield,Reino Unido,14046,10/26/2017 0:29,70493,1350,57.13999939,0.159999996,173808,357.1000061,0.200000003,1,357.1000061,299.9599915,59.99000168,Northern Europe,Inglaterra,COMPLETE,1350,63,Children's heaters,357.1000061,0,10/30/2017 0:29,Standard Class
PAYMENT,4,4,10.90999985,38.95999908,Shipping on time,0,75,Video Games,17171,Eugenia Slater,CA,EE. UU.,Corporate,PA,Elk Grove,19380,9,Discs Shop,38.40857315,-121.4491119,Pacific Asia,Manila,Filipinas,17171,12/10/2017 15:18,73618,1362,0.800000012,0.02,176933,39.75,0.280000001,1,39.75,38.95999908,10.90999985,Southeast Asia,Capital Nacional,PENDING_PAYMENT,1362,75,Fighting video games,39.75,0,12/14/2017 15:18,Standard Class
DEBIT,2,1,66.37999725,189.6600037,Late delivery,1,65,Consumer Electronics,14577,Sara Foreman,CA,EE. UU.,Consumer,PA,Elk Grove,19380,10,Technology,39.13415909,-123.7185516,Europe,Valence,Francia,14577,11/2/2017 18:31,71024,1352,63.22000122,0.25,174339,252.8800049,0.349999994,1,252.8800049,189.6600037,66.37999725,Western Europe,Auvernia-R›dano-Alpes,COMPLETE,1352,65,Industrial consumer electronics,252.8800049,0,11/4/2017 18:31,First Class
TRANSFER,0,0,9.720000267,110.4899979,Shipping on time,0,18,Men's Footwear,8464,Mary Knight,West Chester,EE. UU.,Home Office,PA,8349 Round Road,19380,4,Apparel,39.96141434,-75.60319519,LATAM,C›rdoba,M?xico,8464,5/11/2017 4:13,58995,403,19.5,0.150000006,147680,129.9900055,0.090000004,1,129.9900055,110.4899979,9.720000267,Central America,Veracruz,PROCESSING,403,18,Nike Men's CJ Elite 2 TD Football Cleat,129.9900055,0,5/11/2017 16:13,Same Day
DEBIT,3,2,33.56000137,296.9500122,Late delivery,1,17,Cleats,10545,Kenneth Smith,West Chester,EE. UU.,Consumer,PA,3520 Hazy Inlet,19380,4,Apparel,39.98681259,-75.54330444,Pacific Asia,Binzhou,China,10545,11/29/2015 4:26,22757,365,3,0.01,56942,59.99000168,0.109999999,5,299.9500122,296.9500122,33.56000137,Eastern Asia,Heilongjiang,COMPLETE,365,17,Perfect Fitness Perfect Rip Deck,59.99000168,0,12/2/2015 4:26,Second Class
PAYMENT,6,4,-2.559999943,196.7700043,Late delivery,1,17,Cleats,5563,Paul Trevino,West Chester,EE. UU.,Corporate,PA,5667 Quaking Bear Bay,19380,4,Apparel,39.96376801,-75.60626221,Europe,Preston,Reino Unido,5563,8/6/2017 0:46,64945,365,43.18999863,0.180000007,162362,59.99000168,-0.01,4,239.9600067,196.7700043,-2.559999943,Northern Europe,Inglaterra,PENDING_PAYMENT,365,17,Perfect Fitness Perfect Rip Deck,59.99000168,0,8/12/2017 0:46,Standard Class
TRANSFER,5,4,60.16999817,207.4900055,Late delivery,1,41,Trade-In,6022,Mary Smith,West Chester,EE. UU.,Consumer,PA,6007 Velvet Maze,19380,6,Outdoors,39.96376801,-75.60626221,Europe,Frankfurt,Alemania,6022,8/23/2017 9:20,66134,607,42.5,0.170000002,165313,249.9900055,0.289999992,1,249.9900055,207.4900055,60.16999817,Western Europe,Hesse,PROCESSING,607,41,Garmin Approach S3 Golf GPS Watch,249.9900055,0,8/28/2017 9:20,Standard Class
TRANSFER,2,2,24.23999977,109.1900024,Shipping canceled,0,18,Men's Footwear,6022,Mary Smith,West Chester,EE. UU.,Consumer,PA,6007 Velvet Maze,19380,4,Apparel,39.96376801,-75.60626221,Europe,Limoges,Francia,6022,6/8/2015 3:58,10836,403,20.79999924,0.159999996,27125,129.9900055,0.219999999,1,129.9900055,109.1900024,24.23999977,Western Europe,Aquitania-Lemos­n-Poitou-Charentes,SUSPECTED_FRAUD,403,18,Nike Men's CJ Elite 2 TD Football Cleat,129.9900055,0,6/10/2015 3:58,Second Class
TRANSFER,2,4,-25.64999962,56.99000168,Advance shipping,0,17,Cleats,2504,Mary Smith,West Chester,EE. UU.,Corporate,PA,1548 Lazy Place,19380,4,Apparel,39.96376801,-75.60626221,Europe,Berl­n,Alemania,2504,9/27/2015 20:07,18486,365,3,0.050000001,46210,59.99000168,-0.449999988,1,59.99000168,56.99000168,-25.64999962,Western Europe,Berl­n,PENDING,365,17,Perfect Fitness Perfect Rip Deck,59.99000168,0,9/29/2015 20:07,Standard Class
PAYMENT,2,1,97.01999664,197.9900055,Late delivery,1,48,Water Sports,10545,Kenneth Smith,West Chester,EE. UU.,Consumer,PA,3520 Hazy Inlet,19380,7,Fan Shop,39.98681259,-75.54330444,LATAM,Chinandega,Nicaragua,10545,2/15/2015 7:28,3105,1073,2,0.01,7730,199.9900055,0.49000001,1,199.9900055,197.9900055,97.01999664,Central America,Chinandega,PENDING_PAYMENT,1073,48,Pelican Sunstream 100 Kayak,199.9900055,0,2/17/2015 7:28,First Class
TRANSFER,4,4,0,226.7599945,Shipping on time,0,17,Cleats,5521,Mary Williamson,West Chester,EE. UU.,Home Office,PA,1972 Burning Extension,19380,4,Apparel,39.98081207,-75.78192139,Europe,Marsala,Italia,5521,7/3/2015 10:46,12568,365,13.19999981,0.059999999,31461,59.99000168,0,4,239.9600067,226.7599945,0,Southern Europe,Sicilia,PENDING,365,17,Perfect Fitness Perfect Rip Deck,59.99000168,0,7/7/2015 10:46,Standard Class
DEBIT,6,4,56.8199997,120.8899994,Late delivery,1,18,Men's Footwear,5521,Mary Williamson,West Chester,EE. UU.,Home Office,PA,1972 Burning Extension,19380,4,Apparel,39.98081207,-75.78192139,Europe,Maastricht,Pa­ses Bajos,5521,10/1/2015 18:21,18755,403,9.100000381,0.07,46892,129.9900055,0.469999999,1,129.9900055,120.8899994,56.8199997,Western Europe,Limburgo,COMPLETE,403,18,Nike Men's CJ Elite 2 TD Football Cleat,129.9900055,0,10/7/2015 18:21,Standard Class
TRANSFER,0,0,12.34000015,109.1900024,Shipping on time,0,18,Men's Footwear,8464,Mary Knight,West Chester,EE. UU.,Home Office,PA,8349 Round Road,19380,4,Apparel,39.96141434,-75.60319519,LATAM,C›rdoba,M?xico,8464,5/11/2017 4:13,58995,403,20.79999924,0.159999996,147678,129.9900055,0.109999999,1,129.9900055,109.1900024,12.34000015,Central America,Veracruz,PROCESSING,403,18,Nike Men's CJ Elite 2 TD Football Cleat,129.9900055,0,5/11/2017 16:13,Same Day
TRANSFER,2,4,16.92000008,35.99000168,Advance shipping,0,29,Shop By Sport,2504,Mary Smith,West Chester,EE. UU.,Corporate,PA,1548 Lazy Place,19380,5,Golf,39.96376801,-75.60626221,Europe,Berl­n,Alemania,2504,9/27/2015 20:07,18486,627,4,0.100000001,46209,39.99000168,0.469999999,1,39.99000168,35.99000168,16.92000008,Western Europe,Berl­n,PENDING,627,29,Under Armour Girls' Toddler Spine Surge Runni,39.99000168,0,9/29/2015 20:07,Standard Class
TRANSFER,2,1,62.36000061,178.1699982,Late delivery,1,17,Cleats,5521,Mary Williamson,West Chester,EE. UU.,Home Office,PA,1972 Burning Extension,19380,4,Apparel,39.98081207,-75.78192139,Pacific Asia,Samsun,Turqu­a,5521,10/24/2016 1:10,45354,365,1.799999952,0.01,113313,59.99000168,0.349999994,3,179.9700012,178.1699982,62.36000061,West Asia,Samsun,PROCESSING,365,17,Perfect Fitness Perfect Rip Deck,59.99000168,0,10/26/2016 1:10,First Class
TRANSFER,2,2,-7.119999886,49.79000092,Shipping canceled,0,17,Cleats,6022,Mary Smith,West Chester,EE. UU.,Consumer,PA,6007 Velvet Maze,19380,4,Apparel,39.96376801,-75.60626221,Europe,Limoges,Francia,6022,6/8/2015 3:58,10836,365,10.19999981,0.170000002,27123,59.99000168,-0.140000001,1,59.99000168,49.79000092,-7.119999886,Western Europe,Aquitania-Lemos­n-Poitou-Charentes,SUSPECTED_FRAUD,365,17,Perfect Fitness Perfect Rip Deck,59.99000168,0,6/10/2015 3:58,Second Class
PAYMENT,2,4,26.39999962,263.980011,Advance shipping,0,43,Camping & Hiking,6022,Mary Smith,West Chester,EE. UU.,Consumer,PA,6007 Velvet Maze,19380,7,Fan Shop,39.96376801,-75.60626221,Pacific Asia,Adelaide,Australia,6022,12/13/2015 18:26,23756,957,36,0.119999997,59446,299.980011,0.100000001,1,299.980011,263.980011,26.39999962,Oceania,Australia del Sur,PENDING_PAYMENT,957,43,Diamondback Women's Serene Classic Comfort Bi,299.980011,0,12/15/2015 18:26,Standard Class
PAYMENT,2,1,104.9899979,299.9700012,Late delivery,1,9,Cardio Equipment,8464,Mary Knight,West Chester,EE. UU.,Home Office,PA,8349 Round Road,19380,3,Footwear,39.96141434,-75.60319519,LATAM,Carrefour,Hait­,8464,3/11/2015 15:08,4771,191,99.98999786,0.25,11942,99.98999786,0.349999994,4,399.9599915,299.9700012,104.9899979,Caribbean,Ouest,PENDING_PAYMENT,191,9,Nike Men's Free 5.0+ Running Shoe,99.98999786,0,3/13/2015 15:08,First Class
PAYMENT,6,4,49,391.980011,Late delivery,1,45,Fishing,2504,Mary Smith,West Chester,EE. UU.,Corporate,PA,1548 Lazy Place,19380,7,Fan Shop,39.96376801,-75.60626221,LATAM,Tecom˙n,M?xico,2504,5/17/2015 13:07,9355,1004,8,0.02,23341,399.980011,0.129999995,1,399.980011,391.980011,49,Central America,Colima,PENDING_PAYMENT,1004,45,Field & Stream Sportsman 16 Gun Fire Safe,399.980011,0,5/23/2015 13:07,Standard Class
PAYMENT,2,1,-213.9799957,278.980011,Late delivery,1,43,Camping & Hiking,8464,Mary Knight,West Chester,EE. UU.,Home Office,PA,8349 Round Road,19380,7,Fan Shop,39.96141434,-75.60319519,LATAM,Carrefour,Hait­,8464,3/11/2015 15:08,4771,957,21,0.07,11941,299.980011,-0.769999981,1,299.980011,278.980011,-213.9799957,Caribbean,Ouest,PENDING_PAYMENT,957,43,Diamondback Women's Serene Classic Comfort Bi,299.980011,0,3/13/2015 15:08,First Class
TRANSFER,2,1,101.3899994,299.9700012,Late delivery,1,9,Cardio Equipment,5521,Mary Williamson,West Chester,EE. UU.,Home Office,PA,1972 Burning Extension,19380,3,Footwear,39.98081207,-75.78192139,Pacific Asia,Samsun,Turqu­a,5521,10/24/2016 1:10,45354,191,99.98999786,0.25,113312,99.98999786,0.340000004,4,399.9599915,299.9700012,101.3899994,West Asia,Samsun,PROCESSING,191,9,Nike Men's Free 5.0+ Running Shoe,99.98999786,0,10/26/2016 1:10,First Class
PAYMENT,2,4,61.38000107,198,Advance shipping,0,24,Women's Apparel,6022,Mary Smith,West Chester,EE. UU.,Consumer,PA,6007 Velvet Maze,19380,5,Golf,39.96376801,-75.60626221,Pacific Asia,Adelaide,Australia,6022,12/13/2015 18:26,23756,502,2,0.01,59447,50,0.310000002,4,200,198,61.38000107,Oceania,Australia del Sur,PENDING_PAYMENT,502,24,Nike Men's Dri-FIT Victory Golf Polo,50,0,12/15/2015 18:26,Standard Class
PAYMENT,2,2,30.79000092,87.95999908,Shipping on time,0,40,Accessories,5563,Paul Trevino,West Chester,EE. UU.,Corporate,PA,5667 Quaking Bear Bay,19380,6,Outdoors,39.96376801,-75.60626221,LATAM,Villa Nueva,Guatemala,5563,4/10/2017 19:51,56916,893,12,0.119999997,142354,24.98999977,0.349999994,4,99.95999908,87.95999908,30.79000092,Central America,Guatemala,PENDING_PAYMENT,893,40,Team Golf Pittsburgh Steelers Putter Grip,24.98999977,0,4/12/2017 19:51,Second Class
TRANSFER,3,4,23.26000023,109.1800003,Advance shipping,0,17,Cleats,2327,Helen Martin,West Chester,EE. UU.,Corporate,PA,9533 High Mountain,19380,4,Apparel,39.96376801,-75.60626221,LATAM,San Crist›bal de Las Casas,M?xico,2327,5/18/2015 3:50,9397,365,10.80000019,0.090000004,23455,59.99000168,0.209999993,2,119.9800034,109.1800003,23.26000023,Central America,Chiapas,PROCESSING,365,17,Perfect Fitness Perfect Rip Deck,59.99000168,0,5/21/2015 3:50,Standard Class
PAYMENT,5,4,34.02000046,188.9900055,Late delivery,1,48,Water Sports,5563,Paul Trevino,West Chester,EE. UU.,Corporate,PA,5667 Quaking Bear Bay,19380,7,Fan Shop,39.96376801,-75.60626221,Pacific Asia,Ballarat,Australia,5563,1/7/2016 11:34,25449,1073,11,0.059999999,63753,199.9900055,0.180000007,1,199.9900055,188.9900055,34.02000046,Oceania,Victoria,PENDING_PAYMENT,1073,48,Pelican Sunstream 100 Kayak,199.9900055,0,1/12/2016 11:34,Standard Class
CASH,4,4,31.34000015,62.68000031,Shipping on time,0,41,Trade-In,10545,Kenneth Smith,West Chester,EE. UU.,Consumer,PA,3520 Hazy Inlet,19380,6,Outdoors,39.98681259,-75.54330444,Pacific Asia,Shangh˙i,China,10545,11/25/2015 4:26,22483,926,1.279999971,0.02,56263,15.98999977,0.5,4,63.95999908,62.68000031,31.34000015,Eastern Asia,Shangh˙i,CLOSED,926,41,Glove It Imperial Golf Towel,15.98999977,0,11/29/2015 4:26,Standard Class
DEBIT,6,4,30.70999908,122.8399963,Late delivery,1,18,Men's Footwear,5521,Mary Williamson,West Chester,EE. UU.,Home Office,PA,1972 Burning Extension,19380,4,Apparel,39.98081207,-75.78192139,Europe,Maastricht,Pa­ses Bajos,5521,10/1/2015 18:21,18755,403,7.150000095,0.059999999,46893,129.9900055,0.25,1,129.9900055,122.8399963,30.70999908,Western Europe,Limburgo,COMPLETE,403,18,Nike Men's CJ Elite 2 TD Football Cleat,129.9900055,0,10/7/2015 18:21,Standard Class
TRANSFER,5,2,1.730000019,43.18999863,Late delivery,1,6,Tennis & Racquet,5563,Paul Trevino,West Chester,EE. UU.,Corporate,PA,5667 Quaking Bear Bay,19380,2,Fitness,39.96376801,-75.60626221,Pacific Asia,Puyang,China,5563,1/26/2016 11:00,26749,116,1.799999952,0.039999999,67013,44.99000168,0.039999999,1,44.99000168,43.18999863,1.730000019,Eastern Asia,Henan,PROCESSING,116,6,Nike Men's Comfort 2 Slide,44.99000168,0,1/31/2016 11:00,Second Class
TRANSFER,2,1,11.39999962,151.9600067,Shipping canceled,0,29,Shop By Sport,2504,Mary Smith,West Chester,EE. UU.,Corporate,PA,1548 Lazy Place,19380,5,Golf,39.96376801,-75.60626221,USCA,Laval,Canada,2504,9/4/2016 16:18,41972,627,8,0.050000001,104773,39.99000168,0.079999998,4,159.9600067,151.9600067,11.39999962,Canada,Quebec,SUSPECTED_FRAUD,627,29,Under Armour Girls' Toddler Spine Surge Runni,39.99000168,0,9/6/2016 16:18,First Class
TRANSFER,5,4,59.75999832,165.9900055,Late delivery,1,48,Water Sports,10545,Kenneth Smith,West Chester,EE. UU.,Consumer,PA,3520 Hazy Inlet,19380,7,Fan Shop,39.98681259,-75.54330444,LATAM,Tegucigalpa,Honduras,10545,2/19/2017 15:43,53479,1073,34,0.170000002,133636,199.9900055,0.360000014,1,199.9900055,165.9900055,59.75999832,Central America,Francisco Moraz˙n,PENDING,1073,48,Pelican Sunstream 100 Kayak,199.9900055,0,2/24/2017 15:43,Standard Class
DEBIT,4,2,143.9900055,299.9899902,Late delivery,1,45,Fishing,6670,Betty Lopez,West Chester,EE. UU.,Corporate,PA,4971 Indian Campus,19380,7,Fan Shop,39.96376801,-75.60626221,Africa,Luanda,Angola,6670,12/29/2016 10:53,49903,1004,100,0.25,124774,399.980011,0.479999989,1,399.980011,299.9899902,143.9900055,Central Africa,Luanda,COMPLETE,1004,45,Field & Stream Sportsman 16 Gun Fire Safe,399.980011,0,1/2/2017 10:53,Second Class
PAYMENT,6,2,-8.960000038,48.97999954,Late delivery,1,46,Indoor/Outdoor Games,2327,Helen Martin,West Chester,EE. UU.,Corporate,PA,9533 High Mountain,19380,7,Fan Shop,39.96376801,-75.60626221,USCA,Oceanside,Estados Unidos,2327,5/13/2016 11:54,34150,1014,1,0.02,85251,49.97999954,-0.180000007,1,49.97999954,48.97999954,-8.960000038,East of USA,Nueva York,PENDING_PAYMENT,1014,46,O'Brien Men's Neoprene Life Vest,49.97999954,0,5/19/2016 11:54,Second Class
PAYMENT,6,2,20.78000069,49.47999954,Late delivery,1,46,Indoor/Outdoor Games,2327,Helen Martin,West Chester,EE. UU.,Corporate,PA,9533 High Mountain,19380,7,Fan Shop,39.96376801,-75.60626221,USCA,Oceanside,Estados Unidos,2327,5/13/2016 11:54,34150,1014,0.5,0.01,85254,49.97999954,0.419999987,1,49.97999954,49.47999954,20.78000069,East of USA,Nueva York,PENDING_PAYMENT,1014,46,O'Brien Men's Neoprene Life Vest,49.97999954,0,5/19/2016 11:54,Second Class
DEBIT,6,4,43.68000031,272.980011,Late delivery,1,43,Camping & Hiking,5521,Mary Williamson,West Chester,EE. UU.,Home Office,PA,1972 Burning Extension,19380,7,Fan Shop,39.98081207,-75.78192139,Europe,Maastricht,Pa­ses Bajos,5521,10/1/2015 18:21,18755,957,27,0.090000004,46894,299.980011,0.159999996,1,299.980011,272.980011,43.68000031,Western Europe,Limburgo,COMPLETE,957,43,Diamondback Women's Serene Classic Comfort Bi,299.980011,0,10/7/2015 18:21,Standard Class
DEBIT,2,4,-63.75,42.5,Advance shipping,0,24,Women's Apparel,5563,Paul Trevino,West Chester,EE. UU.,Corporate,PA,5667 Quaking Bear Bay,19380,5,Golf,39.96376801,-75.60626221,LATAM,Guayana,Venezuela,5563,5/27/2017 19:58,60136,502,7.5,0.150000006,150493,50,-1.5,1,50,42.5,-63.75,South America,Bol­var,COMPLETE,502,24,Nike Men's Dri-FIT Victory Golf Polo,50,0,5/29/2017 19:58,Standard Class
TRANSFER,5,2,83.30000305,169.9900055,Late delivery,1,48,Water Sports,5563,Paul Trevino,West Chester,EE. UU.,Corporate,PA,5667 Quaking Bear Bay,19380,7,Fan Shop,39.96376801,-75.60626221,Pacific Asia,Puyang,China,5563,1/26/2016 11:00,26749,1073,30,0.150000006,67014,199.9900055,0.49000001,1,199.9900055,169.9900055,83.30000305,Eastern Asia,Henan,PROCESSING,1073,48,Pelican Sunstream 100 Kayak,199.9900055,0,1/31/2016 11:00,Second Class
TRANSFER,5,2,70.41999817,224.9900055,Late delivery,1,43,Camping & Hiking,5563,Paul Trevino,West Chester,EE. UU.,Corporate,PA,5667 Quaking Bear Bay,19380,7,Fan Shop,39.96376801,-75.60626221,Pacific Asia,Puyang,China,5563,1/26/2016 11:00,26749,957,75,0.25,67012,299.980011,0.310000002,1,299.980011,224.9900055,70.41999817,Eastern Asia,Henan,PROCESSING,957,43,Diamondback Women's Serene Classic Comfort Bi,299.980011,0,1/31/2016 11:00,Second Class
TRANSFER,5,2,15.02000046,47.97999954,Late delivery,1,46,Indoor/Outdoor Games,5563,Paul Trevino,West Chester,EE. UU.,Corporate,PA,5667 Quaking Bear Bay,19380,7,Fan Shop,39.96376801,-75.60626221,Pacific Asia,Puyang,China,5563,1/26/2016 11:00,26749,1014,2,0.039999999,67010,49.97999954,0.310000002,1,49.97999954,47.97999954,15.02000046,Eastern Asia,Henan,PROCESSING,1014,46,O'Brien Men's Neoprene Life Vest,49.97999954,0,1/31/2016 11:00,Second Class
TRANSFER,2,1,118.9899979,424.9599915,Late delivery,1,9,Cardio Equipment,5563,Paul Trevino,West Chester,EE. UU.,Corporate,PA,5667 Quaking Bear Bay,19380,3,Footwear,39.96376801,-75.60626221,LATAM,San Fernando,Trinidad y Tobago,5563,3/28/2015 7:14,5913,191,74.98999786,0.150000006,14710,99.98999786,0.280000001,5,499.9500122,424.9599915,118.9899979,Caribbean,San Fernando,PENDING,191,9,Nike Men's Free 5.0+ Running Shoe,99.98999786,0,3/30/2015 7:14,First Class
DEBIT,6,4,-34.36000061,248.9600067,Late delivery,1,17,Cleats,5521,Mary Williamson,West Chester,EE. UU.,Home Office,PA,1972 Burning Extension,19380,4,Apparel,39.98081207,-75.78192139,Pacific Asia,Hobart,Australia,5521,10/29/2015 5:00,20635,365,50.99000168,0.170000002,51554,59.99000168,-0.140000001,5,299.9500122,248.9600067,-34.36000061,Oceania,Tasmania,COMPLETE,365,17,Perfect Fitness Perfect Rip Deck,59.99000168,0,11/4/2015 5:00,Standard Class
PAYMENT,2,1,19.60000038,195.9900055,Late delivery,1,48,Water Sports,10545,Kenneth Smith,West Chester,EE. UU.,Consumer,PA,3520 Hazy Inlet,19380,7,Fan Shop,39.98681259,-75.54330444,LATAM,Chinandega,Nicaragua,10545,2/15/2015 7:28,3105,1073,4,0.02,7727,199.9900055,0.100000001,1,199.9900055,195.9900055,19.60000038,Central America,Chinandega,PENDING_PAYMENT,1073,48,Pelican Sunstream 100 Kayak,199.9900055,0,2/17/2015 7:28,First Class
PAYMENT,2,2,39.63999939,109.1900024,Shipping on time,0,18,Men's Footwear,5563,Paul Trevino,West Chester,EE. UU.,Corporate,PA,5667 Quaking Bear Bay,19380,4,Apparel,39.96376801,-75.60626221,LATAM,Villa Nueva,Guatemala,5563,4/10/2017 19:51,56916,403,20.79999924,0.159999996,142356,129.9900055,0.360000014,1,129.9900055,109.1900024,39.63999939,Central America,Guatemala,PENDING_PAYMENT,403,18,Nike Men's CJ Elite 2 TD Football Cleat,129.9900055,0,4/12/2017 19:51,Second Class
TRANSFER,5,2,49.13000107,163.7700043,Late delivery,1,17,Cleats,5563,Paul Trevino,West Chester,EE. UU.,Corporate,PA,5667 Quaking Bear Bay,19380,4,Apparel,39.96376801,-75.60626221,Pacific Asia,Puyang,China,5563,1/26/2016 11:00,26749,365,16.20000076,0.090000004,67011,59.99000168,0.300000012,3,179.9700012,163.7700043,49.13000107,Eastern Asia,Henan,PROCESSING,365,17,Perfect Fitness Perfect Rip Deck,59.99000168,0,1/31/2016 11:00,Second Class
TRANSFER,2,2,70.19999695,269.980011,Shipping canceled,0,43,Camping & Hiking,6022,Mary Smith,West Chester,EE. UU.,Consumer,PA,6007 Velvet Maze,19380,7,Fan Shop,39.96376801,-75.60626221,Europe,Limoges,Francia,6022,6/8/2015 3:58,10836,957,30,0.100000001,27126,299.980011,0.25999999,1,299.980011,269.980011,70.19999695,Western Europe,Aquitania-Lemos­n-Poitou-Charentes,SUSPECTED_FRAUD,957,43,Diamondback Women's Serene Classic Comfort Bi,299.980011,0,6/10/2015 3:58,Second Class
DEBIT,5,2,20.38999939,203.9499969,Late delivery,1,76,Women's Clothing,17357,Phyllis Flowers,West Chester,EE. UU.,Consumer,PA,9533 High Mountain,19380,4,Apparel,39.96376801,-75.60626221,Pacific Asia,Manila,Filipinas,17357,12/13/2017 8:28,73804,1363,11.86999989,0.059999999,177119,215.8200073,0.100000001,1,215.8200073,203.9499969,20.38999939,Southeast Asia,Capital Nacional,COMPLETE,1363,76,Summer dresses,215.8200073,0,12/18/2017 8:28,Second Class
DEBIT,4,4,21.26000023,283.480011,Shipping on time,0,43,Camping & Hiking,5521,Mary Williamson,West Chester,EE. UU.,Home Office,PA,1972 Burning Extension,19380,7,Fan Shop,39.98081207,-75.78192139,LATAM,Pucallpa,Perś,5521,3/22/2017 7:05,55578,957,16.5,0.059999999,139015,299.980011,0.079999998,1,299.980011,283.480011,21.26000023,South America,Ucayali,COMPLETE,957,43,Diamondback Women's Serene Classic Comfort Bi,299.980011,0,3/26/2017 7:05,Standard Class
DEBIT,6,4,65.62999725,187.5,Late delivery,1,24,Women's Apparel,5521,Mary Williamson,West Chester,EE. UU.,Home Office,PA,1972 Burning Extension,19380,5,Golf,39.98081207,-75.78192139,Europe,Maastricht,Pa­ses Bajos,5521,10/1/2015 18:21,18755,502,62.5,0.25,46891,50,0.349999994,5,250,187.5,65.62999725,Western Europe,Limburgo,COMPLETE,502,24,Nike Men's Dri-FIT Victory Golf Polo,50,0,10/7/2015 18:21,Standard Class
DEBIT,6,4,123.0299988,363.980011,Late delivery,1,45,Fishing,5521,Mary Williamson,West Chester,EE. UU.,Home Office,PA,1972 Burning Extension,19380,7,Fan Shop,39.98081207,-75.78192139,Pacific Asia,Hobart,Australia,5521,10/29/2015 5:00,20635,1004,36,0.090000004,51557,399.980011,0.340000004,1,399.980011,363.980011,123.0299988,Oceania,Tasmania,COMPLETE,1004,45,Field & Stream Sportsman 16 Gun Fire Safe,399.980011,0,11/4/2015 5:00,Standard Class
PAYMENT,6,4,16.09000015,49.5,Late delivery,1,24,Women's Apparel,2504,Mary Smith,West Chester,EE. UU.,Corporate,PA,1548 Lazy Place,19380,5,Golf,39.96376801,-75.60626221,LATAM,Tecom˙n,M?xico,2504,5/17/2015 13:07,9355,502,0.5,0.01,23340,50,0.330000013,1,50,49.5,16.09000015,Central America,Colima,PENDING_PAYMENT,502,24,Nike Men's Dri-FIT Victory Golf Polo,50,0,5/23/2015 13:07,Standard Class
PAYMENT,4,4,24.95999908,95.98000336,Shipping on time,0,17,Cleats,5563,Paul Trevino,West Chester,EE. UU.,Corporate,PA,5667 Quaking Bear Bay,19380,4,Apparel,39.96376801,-75.60626221,LATAM,Le›n,Nicaragua,5563,2/12/2017 11:42,52988,365,24,0.200000003,132438,59.99000168,0.25999999,2,119.9800034,95.98000336,24.95999908,Central America,Le›n,PENDING_PAYMENT,365,17,Perfect Fitness Perfect Rip Deck,59.99000168,0,2/16/2017 11:42,Standard Class
CASH,6,4,-7.179999828,247.5,Late delivery,1,24,Women's Apparel,2504,Mary Smith,West Chester,EE. UU.,Corporate,PA,1548 Lazy Place,19380,5,Golf,39.96376801,-75.60626221,LATAM,Pirapora,Brasil,2504,6/15/2017 3:18,61390,502,2.5,0.01,153562,50,-0.029999999,5,250,247.5,-7.179999828,South America,Minas Gerais,CLOSED,502,24,Nike Men's Dri-FIT Victory Golf Polo,50,0,6/21/2017 3:18,Standard Class
PAYMENT,3,4,0.340000004,33.59000015,Advance shipping,0,29,Shop By Sport,6670,Betty Lopez,West Chester,EE. UU.,Corporate,PA,4971 Indian Campus,19380,5,Golf,39.96376801,-75.60626221,LATAM,Reynosa,M?xico,6670,3/31/2015 6:42,6117,627,6.400000095,0.159999996,15286,39.99000168,0.01,1,39.99000168,33.59000015,0.340000004,Central America,Tamaulipas,PENDING_PAYMENT,627,29,Under Armour Girls' Toddler Spine Surge Runni,39.99000168,0,4/3/2015 6:42,Standard Class
DEBIT,2,1,62.38999939,239.9799957,Late delivery,1,9,Cardio Equipment,10545,Kenneth Smith,West Chester,EE. UU.,Consumer,PA,3520 Hazy Inlet,19380,3,Footwear,39.98681259,-75.54330444,Pacific Asia,Devonport,Australia,10545,11/9/2015 6:55,21394,191,59.99000168,0.200000003,53498,99.98999786,0.25999999,3,299.9700012,239.9799957,62.38999939,Oceania,Tasmania,COMPLETE,191,9,Nike Men's Free 5.0+ Running Shoe,99.98999786,0,11/11/2015 6:55,First Class
CASH,6,4,-132.2799988,151.1699982,Late delivery,1,17,Cleats,2504,Mary Smith,West Chester,EE. UU.,Corporate,PA,1548 Lazy Place,19380,4,Apparel,39.96376801,-75.60626221,LATAM,Pirapora,Brasil,2504,6/15/2017 3:18,61390,365,28.79999924,0.159999996,153565,59.99000168,-0.879999995,3,179.9700012,151.1699982,-132.2799988,South America,Minas Gerais,CLOSED,365,17,Perfect Fitness Perfect Rip Deck,59.99000168,0,6/21/2017 3:18,Standard Class
PAYMENT,6,4,17.60000038,175.9900055,Late delivery,1,48,Water Sports,2504,Mary Smith,West Chester,EE. UU.,Corporate,PA,1548 Lazy Place,19380,7,Fan Shop,39.96376801,-75.60626221,LATAM,Tecom˙n,M?xico,2504,5/17/2015 13:07,9355,1073,24,0.119999997,23339,199.9900055,0.100000001,1,199.9900055,175.9900055,17.60000038,Central America,Colima,PENDING_PAYMENT,1073,48,Pelican Sunstream 100 Kayak,199.9900055,0,5/23/2015 13:07,Standard Class
DEBIT,2,4,93.55999756,239.8999939,Advance shipping,0,46,Indoor/Outdoor Games,5563,Paul Trevino,West Chester,EE. UU.,Corporate,PA,5667 Quaking Bear Bay,19380,7,Fan Shop,39.96376801,-75.60626221,Africa,Kankan,Guinea,5563,10/27/2016 15:42,45601,1014,10,0.039999999,113974,49.97999954,0.389999986,5,249.8999939,239.8999939,93.55999756,West Africa,Kankan,COMPLETE,1014,46,O'Brien Men's Neoprene Life Vest,49.97999954,0,10/29/2016 15:42,Standard Class
DEBIT,2,4,10.19999981,67.98000336,Advance shipping,0,29,Shop By Sport,5563,Paul Trevino,West Chester,EE. UU.,Corporate,PA,5667 Quaking Bear Bay,19380,5,Golf,39.96376801,-75.60626221,Africa,Krugersdorp,SudAfrica,5563,9/11/2016 23:07,42471,627,12,0.150000006,106019,39.99000168,0.150000006,2,79.98000336,67.98000336,10.19999981,Southern Africa,Gauteng,COMPLETE,627,29,Under Armour Girls' Toddler Spine Surge Runni,39.99000168,0,9/13/2016 23:07,Standard Class
DEBIT,2,4,88.79000092,188.9199982,Advance shipping,0,46,Indoor/Outdoor Games,5563,Paul Trevino,West Chester,EE. UU.,Corporate,PA,5667 Quaking Bear Bay,19380,7,Fan Shop,39.96376801,-75.60626221,Africa,Kankan,Guinea,5563,10/27/2016 15:42,45601,1014,11,0.059999999,113973,49.97999954,0.469999999,4,199.9199982,188.9199982,88.79000092,West Africa,Kankan,COMPLETE,1014,46,O'Brien Men's Neoprene Life Vest,49.97999954,0,10/29/2016 15:42,Standard Class
DEBIT,5,4,112.6299973,351.9599915,Late delivery,1,9,Cardio Equipment,2504,Mary Smith,West Chester,EE. UU.,Corporate,PA,1548 Lazy Place,19380,3,Footwear,39.96376801,-75.60626221,Africa,Kolwezi,Repśblica Democr˙tica del Congo,2504,12/5/2016 9:10,48254,191,48,0.119999997,120686,99.98999786,0.319999993,4,399.9599915,351.9599915,112.6299973,Central Africa,Katanga,COMPLETE,191,9,Nike Men's Free 5.0+ Running Shoe,99.98999786,0,12/10/2016 9:10,Standard Class
CASH,6,4,17.85000038,55.79000092,Late delivery,1,17,Cleats,2504,Mary Smith,West Chester,EE. UU.,Corporate,PA,1548 Lazy Place,19380,4,Apparel,39.96376801,-75.60626221,LATAM,Pirapora,Brasil,2504,6/15/2017 3:18,61390,365,4.199999809,0.07,153564,59.99000168,0.319999993,1,59.99000168,55.79000092,17.85000038,South America,Minas Gerais,CLOSED,365,17,Perfect Fitness Perfect Rip Deck,59.99000168,0,6/21/2017 3:18,Standard Class
DEBIT,5,4,-28.87000084,118.8000031,Late delivery,1,26,Girls' Apparel,2504,Mary Smith,West Chester,EE. UU.,Corporate,PA,1548 Lazy Place,19380,5,Golf,39.96376801,-75.60626221,Africa,Kolwezi,Repśblica Democr˙tica del Congo,2504,12/5/2016 9:10,48254,564,1.200000048,0.01,120687,30,-0.239999995,4,120,118.8000031,-28.87000084,Central Africa,Katanga,COMPLETE,564,26,Nike Men's Deutschland Weltmeister Winners Bl,30,0,12/10/2016 9:10,Standard Class
TRANSFER,2,4,10.35000038,117.5699997,Advance shipping,0,29,Shop By Sport,2504,Mary Smith,West Chester,EE. UU.,Corporate,PA,1548 Lazy Place,19380,5,Golf,39.96376801,-75.60626221,Europe,Berl­n,Alemania,2504,9/27/2015 20:07,18486,627,2.400000095,0.02,46211,39.99000168,0.090000004,3,119.9700012,117.5699997,10.35000038,Western Europe,Berl­n,PENDING,627,29,Under Armour Girls' Toddler Spine Surge Runni,39.99000168,0,9/29/2015 20:07,Standard Class
DEBIT,2,4,7.949999809,70.37999725,Advance shipping,0,29,Shop By Sport,5563,Paul Trevino,West Chester,EE. UU.,Corporate,PA,5667 Quaking Bear Bay,19380,5,Golf,39.96376801,-75.60626221,Africa,Kankan,Guinea,5563,10/27/2016 15:42,45601,627,9.600000381,0.119999997,113971,39.99000168,0.109999999,2,79.98000336,70.37999725,7.949999809,West Africa,Kankan,COMPLETE,627,29,Under Armour Girls' Toddler Spine Surge Runni,39.99000168,0,10/29/2016 15:42,Standard Class
DEBIT,3,2,69.30000305,198,Late delivery,1,24,Women's Apparel,6022,Mary Smith,West Chester,EE. UU.,Consumer,PA,6007 Velvet Maze,19380,5,Golf,39.96376801,-75.60626221,USCA,Seattle,Estados Unidos,6022,8/21/2016 21:14,41027,502,2,0.01,102409,50,0.349999994,4,200,198,69.30000305,West of USA ,Washington,COMPLETE,502,24,Nike Men's Dri-FIT Victory Golf Polo,50,0,8/24/2016 21:14,Second Class
DEBIT,3,2,-361.25,212.5,Late delivery,1,24,Women's Apparel,2504,Mary Smith,West Chester,EE. UU.,Corporate,PA,1548 Lazy Place,19380,5,Golf,39.96376801,-75.60626221,Pacific Asia,Whyalla,Australia,2504,11/18/2015 0:25,21992,502,37.5,0.150000006,55017,50,-1.700000048,5,250,212.5,-361.25,Oceania,Australia del Sur,COMPLETE,502,24,Nike Men's Dri-FIT Victory Golf Polo,50,0,11/21/2015 0:25,Second Class
CASH,3,4,58.59999847,127.3899994,Advance shipping,0,18,Men's Footwear,6670,Betty Lopez,West Chester,EE. UU.,Corporate,PA,4971 Indian Campus,19380,4,Apparel,39.96376801,-75.60626221,Europe,Zabrze,Polonia,6670,12/15/2016 4:57,48927,403,2.599999905,0.02,122344,129.9900055,0.460000008,1,129.9900055,127.3899994,58.59999847,Eastern Europe,Silesia,CLOSED,403,18,Nike Men's CJ Elite 2 TD Football Cleat,129.9900055,0,12/18/2016 4:57,Standard Class
DEBIT,6,4,-255.3999939,296.980011,Late delivery,1,43,Camping & Hiking,5521,Mary Williamson,West Chester,EE. UU.,Home Office,PA,1972 Burning Extension,19380,7,Fan Shop,39.98081207,-75.78192139,Pacific Asia,Hobart,Australia,5521,10/29/2015 5:00,20635,957,3,0.01,51555,299.980011,-0.860000014,1,299.980011,296.980011,-255.3999939,Oceania,Tasmania,COMPLETE,957,43,Diamondback Women's Serene Classic Comfort Bi,299.980011,0,11/4/2015 5:00,Standard Class
PAYMENT,2,4,57.59000015,115.1699982,Advance shipping,0,29,Shop By Sport,6022,Mary Smith,West Chester,EE. UU.,Consumer,PA,6007 Velvet Maze,19380,5,Golf,39.96376801,-75.60626221,LATAM,San Francisco de Macor­s,Repśblica Dominicana,6022,1/17/2015 18:53,1151,627,4.800000191,0.039999999,2853,39.99000168,0.5,3,119.9700012,115.1699982,57.59000015,Caribbean,Duarte,PENDING_PAYMENT,627,29,Under Armour Girls' Toddler Spine Surge Runni,39.99000168,0,1/19/2015 18:53,Standard Class
TRANSFER,2,4,97.01999664,197.9900055,Advance shipping,0,48,Water Sports,6022,Mary Smith,West Chester,EE. UU.,Consumer,PA,6007 Velvet Maze,19380,7,Fan Shop,39.96376801,-75.60626221,Pacific Asia,Bagdad,Irak,6022,10/5/2016 23:26,44116,1073,2,0.01,110167,199.9900055,0.49000001,1,199.9900055,197.9900055,97.01999664,West Asia,Bagdad,PROCESSING,1073,48,Pelican Sunstream 100 Kayak,199.9900055,0,10/7/2016 23:26,Standard Class
TRANSFER,2,1,-15.11999989,55.79000092,Late delivery,1,17,Cleats,5563,Paul Trevino,West Chester,EE. UU.,Corporate,PA,5667 Quaking Bear Bay,19380,4,Apparel,39.96376801,-75.60626221,LATAM,San Fernando,Trinidad y Tobago,5563,3/28/2015 7:14,5913,365,4.199999809,0.07,14708,59.99000168,-0.270000011,1,59.99000168,55.79000092,-15.11999989,Caribbean,San Fernando,PENDING,365,17,Perfect Fitness Perfect Rip Deck,59.99000168,0,3/30/2015 7:14,First Class
TRANSFER,2,1,2.460000038,122.8399963,Late delivery,1,18,Men's Footwear,5563,Paul Trevino,West Chester,EE. UU.,Corporate,PA,5667 Quaking Bear Bay,19380,4,Apparel,39.96376801,-75.60626221,LATAM,San Fernando,Trinidad y Tobago,5563,3/28/2015 7:14,5913,403,7.150000095,0.059999999,14707,129.9900055,0.02,1,129.9900055,122.8399963,2.460000038,Caribbean,San Fernando,PENDING,403,18,Nike Men's CJ Elite 2 TD Football Cleat,129.9900055,0,3/30/2015 7:14,First Class
PAYMENT,4,4,17.38999939,59.97999954,Shipping on time,0,44,Hunting & Shooting,5563,Paul Trevino,West Chester,EE. UU.,Corporate,PA,5667 Quaking Bear Bay,19380,7,Fan Shop,39.96376801,-75.60626221,LATAM,Le›n,Nicaragua,5563,2/12/2017 11:42,52988,977,0,0,132440,29.98999977,0.289999992,2,59.97999954,59.97999954,17.38999939,Central America,Le›n,PENDING_PAYMENT,977,44,ENO Atlas Hammock Straps,29.98999977,0,2/16/2017 11:42,Standard Class
DEBIT,2,1,6.239999771,24,Late delivery,1,26,Girls' Apparel,5651,Michelle Smith,West Chester,EE. UU.,Consumer,PA,3874 Cotton Heath,19380,5,Golf,39.96376801,-75.60626221,Pacific Asia,Brisbane,Australia,5651,1/9/2016 9:06,25579,567,1,0.039999999,64082,25,0.25999999,1,25,24,6.239999771,Oceania,Queensland,COMPLETE,567,26,adidas Men's Germany Black Crest Away Tee,25,0,1/11/2016 9:06,First Class
TRANSFER,5,4,94.48999786,472.4500122,Late delivery,1,9,Cardio Equipment,10545,Kenneth Smith,West Chester,EE. UU.,Consumer,PA,3520 Hazy Inlet,19380,3,Footwear,39.98681259,-75.54330444,LATAM,Tegucigalpa,Honduras,10545,2/19/2017 15:43,53479,191,27.5,0.059999999,133637,99.98999786,0.200000003,5,499.9500122,472.4500122,94.48999786,Central America,Francisco Moraz˙n,PENDING,191,9,Nike Men's Free 5.0+ Running Shoe,99.98999786,0,2/24/2017 15:43,Standard Class
DEBIT,2,1,10.92000008,109.1900024,Late delivery,1,18,Men's Footwear,10545,Kenneth Smith,West Chester,EE. UU.,Consumer,PA,3520 Hazy Inlet,19380,4,Apparel,39.98681259,-75.54330444,Pacific Asia,Devonport,Australia,10545,11/9/2015 6:55,21394,403,20.79999924,0.159999996,53497,129.9900055,0.100000001,1,129.9900055,109.1900024,10.92000008,Oceania,Tasmania,COMPLETE,403,18,Nike Men's CJ Elite 2 TD Football Cleat,129.9900055,0,11/11/2015 6:55,First Class
TRANSFER,6,4,23.76000023,237.5599976,Late delivery,1,17,Cleats,5651,Michelle Smith,West Chester,EE. UU.,Consumer,PA,3874 Cotton Heath,19380,4,Apparel,39.96376801,-75.60626221,USCA,New York City,Estados Unidos,5651,7/3/2016 21:07,37670,365,2.400000095,0.01,94028,59.99000168,0.100000001,4,239.9600067,237.5599976,23.76000023,East of USA,Nueva York,PROCESSING,365,17,Perfect Fitness Perfect Rip Deck,59.99000168,0,7/9/2016 21:07,Standard Class
TRANSFER,2,1,63.04999924,126.0899963,Late delivery,1,18,Men's Footwear,5521,Mary Williamson,West Chester,EE. UU.,Home Office,PA,1972 Burning Extension,19380,4,Apparel,39.98081207,-75.78192139,Pacific Asia,Samsun,Turqu­a,5521,10/24/2016 1:10,45354,403,3.900000095,0.029999999,113314,129.9900055,0.5,1,129.9900055,126.0899963,63.04999924,West Asia,Samsun,PROCESSING,403,18,Nike Men's CJ Elite 2 TD Football Cleat,129.9900055,0,10/26/2016 1:10,First Class
CASH,3,4,38.61000061,128.6900024,Advance shipping,0,18,Men's Footwear,6670,Betty Lopez,West Chester,EE. UU.,Corporate,PA,4971 Indian Campus,19380,4,Apparel,39.96376801,-75.60626221,Europe,Zabrze,Polonia,6670,12/15/2016 4:57,48927,403,1.299999952,0.01,122347,129.9900055,0.300000012,1,129.9900055,128.6900024,38.61000061,Eastern Europe,Silesia,CLOSED,403,18,Nike Men's CJ Elite 2 TD Football Cleat,129.9900055,0,12/18/2016 4:57,Standard Class
TRANSFER,3,4,20.25,106.5899963,Advance shipping,0,18,Men's Footwear,2327,Helen Martin,West Chester,EE. UU.,Corporate,PA,9533 High Mountain,19380,4,Apparel,39.96376801,-75.60626221,LATAM,San Crist›bal de Las Casas,M?xico,2327,5/18/2015 3:50,9397,403,23.39999962,0.180000007,23453,129.9900055,0.189999998,1,129.9900055,106.5899963,20.25,Central America,Chiapas,PROCESSING,403,18,Nike Men's CJ Elite 2 TD Football Cleat,129.9900055,0,5/21/2015 3:50,Standard Class
PAYMENT,3,4,1.779999971,59.36000061,Advance shipping,0,36,Golf Balls,6670,Betty Lopez,West Chester,EE. UU.,Corporate,PA,4971 Indian Campus,19380,6,Outdoors,39.96376801,-75.60626221,LATAM,Reynosa,M?xico,6670,3/31/2015 6:42,6117,793,0.600000024,0.01,15285,14.98999977,0.029999999,4,59.95999908,59.36000061,1.779999971,Central America,Tamaulipas,PENDING_PAYMENT,793,36,Hirzl Women's Hybrid Golf Glove,14.98999977,0,4/3/2015 6:42,Standard Class
DEBIT,2,4,8.18999958,109.1900024,Advance shipping,0,18,Men's Footwear,5651,Michelle Smith,West Chester,EE. UU.,Consumer,PA,3874 Cotton Heath,19380,4,Apparel,39.96376801,-75.60626221,Europe,Cherkasy,Ucrania,5651,10/25/2016 18:09,45471,403,20.79999924,0.159999996,113626,129.9900055,0.079999998,1,129.9900055,109.1900024,8.18999958,Eastern Europe,Cherkasy,COMPLETE,403,18,Nike Men's CJ Elite 2 TD Football Cleat,129.9900055,0,10/27/2016 18:09,Standard Class
TRANSFER,5,4,35.63000107,118.7799988,Late delivery,1,17,Cleats,6022,Mary Smith,West Chester,EE. UU.,Consumer,PA,6007 Velvet Maze,19380,4,Apparel,39.96376801,-75.60626221,Europe,Frankfurt,Alemania,6022,8/23/2017 9:20,66134,365,1.200000048,0.01,165312,59.99000168,0.300000012,2,119.9800034,118.7799988,35.63000107,Western Europe,Hesse,PROCESSING,365,17,Perfect Fitness Perfect Rip Deck,59.99000168,0,8/28/2017 9:20,Standard Class
TRANSFER,3,4,27.04000092,103.9899979,Advance shipping,0,18,Men's Footwear,2327,Helen Martin,West Chester,EE. UU.,Corporate,PA,9533 High Mountain,19380,4,Apparel,39.96376801,-75.60626221,LATAM,San Crist›bal de Las Casas,M?xico,2327,5/18/2015 3:50,9397,403,26,0.200000003,23452,129.9900055,0.25999999,1,129.9900055,103.9899979,27.04000092,Central America,Chiapas,PROCESSING,403,18,Nike Men's CJ Elite 2 TD Football Cleat,129.9900055,0,5/21/2015 3:50,Standard Class
DEBIT,3,2,43.47000122,94.48999786,Late delivery,1,9,Cardio Equipment,6022,Mary Smith,West Chester,EE. UU.,Consumer,PA,6007 Velvet Maze,19380,3,Footwear,39.96376801,-75.60626221,USCA,Seattle,Estados Unidos,6022,8/21/2016 21:14,41027,191,5.5,0.059999999,102410,99.98999786,0.460000008,1,99.98999786,94.48999786,43.47000122,West of USA ,Washington,COMPLETE,191,9,Nike Men's Free 5.0+ Running Shoe,99.98999786,0,8/24/2016 21:14,Second Class
TRANSFER,4,4,14.52000046,40,Shipping on time,0,24,Women's Apparel,5563,Paul Trevino,West Chester,EE. UU.,Corporate,PA,5667 Quaking Bear Bay,19380,5,Golf,39.96376801,-75.60626221,LATAM,S?o Paulo,Brasil,5563,3/11/2017 11:50,54838,502,10,0.200000003,137164,50,0.360000014,1,50,40,14.52000046,South America,S?o Paulo,PROCESSING,502,24,Nike Men's Dri-FIT Victory Golf Polo,50,0,3/15/2017 11:50,Standard Class
PAYMENT,6,4,121.4300003,263.980011,Late delivery,1,43,Camping & Hiking,2504,Mary Smith,West Chester,EE. UU.,Corporate,PA,1548 Lazy Place,19380,7,Fan Shop,39.96376801,-75.60626221,LATAM,Tecom˙n,M?xico,2504,5/17/2015 13:07,9355,957,36,0.119999997,23342,299.980011,0.460000008,1,299.980011,263.980011,121.4300003,Central America,Colima,PENDING_PAYMENT,957,43,Diamondback Women's Serene Classic Comfort Bi,299.980011,0,5/23/2015 13:07,Standard Class
PAYMENT,5,4,15,199.9900055,Late delivery,1,48,Water Sports,5563,Paul Trevino,West Chester,EE. UU.,Corporate,PA,5667 Quaking Bear Bay,19380,7,Fan Shop,39.96376801,-75.60626221,Europe,Cagliari,Italia,5563,8/24/2015 1:35,16104,1073,0,0,40224,199.9900055,0.079999998,1,199.9900055,199.9900055,15,Southern Europe,Cerde?a,PENDING_PAYMENT,1073,48,Pelican Sunstream 100 Kayak,199.9900055,0,8/29/2015 1:35,Standard Class
DEBIT,3,2,38.99000168,82.97000122,Late delivery,1,40,Accessories,10545,Kenneth Smith,West Chester,EE. UU.,Consumer,PA,3520 Hazy Inlet,19380,6,Outdoors,39.98681259,-75.54330444,Pacific Asia,Binzhou,China,10545,11/29/2015 4:26,22757,885,16.98999977,0.170000002,56944,24.98999977,0.469999999,4,99.95999908,82.97000122,38.99000168,Eastern Asia,Heilongjiang,COMPLETE,885,40,Team Golf St. Louis Cardinals Putter Grip,24.98999977,0,12/2/2015 4:26,Second Class
DEBIT,2,4,171.1100006,371.980011,Advance shipping,0,45,Fishing,5563,Paul Trevino,West Chester,EE. UU.,Corporate,PA,5667 Quaking Bear Bay,19380,7,Fan Shop,39.96376801,-75.60626221,Africa,Kankan,Guinea,5563,10/27/2016 15:42,45601,1004,28,0.07,113972,399.980011,0.460000008,1,399.980011,371.980011,171.1100006,West Africa,Kankan,COMPLETE,1004,45,Field & Stream Sportsman 16 Gun Fire Safe,399.980011,0,10/29/2016 15:42,Standard Class
DEBIT,3,2,18.89999962,377.980011,Late delivery,1,45,Fishing,10545,Kenneth Smith,West Chester,EE. UU.,Consumer,PA,3520 Hazy Inlet,19380,7,Fan Shop,39.98681259,-75.54330444,Pacific Asia,Binzhou,China,10545,11/29/2015 4:26,22757,1004,22,0.059999999,56941,399.980011,0.050000001,1,399.980011,377.980011,18.89999962,Eastern Asia,Heilongjiang,COMPLETE,1004,45,Field & Stream Sportsman 16 Gun Fire Safe,399.980011,0,12/2/2015 4:26,Second Class
TRANSFER,3,4,43.97999954,175.9299927,Advance shipping,0,46,Indoor/Outdoor Games,6022,Mary Smith,West Chester,EE. UU.,Consumer,PA,6007 Velvet Maze,19380,7,Fan Shop,39.96376801,-75.60626221,Europe,Marano di Napoli,Italia,6022,10/20/2015 9:45,20032,1014,23.98999977,0.119999997,50084,49.97999954,0.25,4,199.9199982,175.9299927,43.97999954,Southern Europe,Campania,PENDING,1014,46,O'Brien Men's Neoprene Life Vest,49.97999954,0,10/23/2015 9:45,Standard Class
PAYMENT,5,4,28.07999992,107.9800034,Late delivery,1,17,Cleats,5563,Paul Trevino,West Chester,EE. UU.,Corporate,PA,5667 Quaking Bear Bay,19380,4,Apparel,39.96376801,-75.60626221,Europe,Cagliari,Italia,5563,8/24/2015 1:35,16104,365,12,0.100000001,40225,59.99000168,0.25999999,2,119.9800034,107.9800034,28.07999992,Southern Europe,Cerde?a,PENDING_PAYMENT,365,17,Perfect Fitness Perfect Rip Deck,59.99000168,0,8/29/2015 1:35,Standard Class
TRANSFER,2,2,-2.109999895,161.9700012,Shipping canceled,0,17,Cleats,6022,Mary Smith,West Chester,EE. UU.,Consumer,PA,6007 Velvet Maze,19380,4,Apparel,39.96376801,-75.60626221,Europe,Limoges,Francia,6022,6/8/2015 3:58,10836,365,18,0.100000001,27124,59.99000168,-0.01,3,179.9700012,161.9700012,-2.109999895,Western Europe,Aquitania-Lemos­n-Poitou-Charentes,SUSPECTED_FRAUD,365,17,Perfect Fitness Perfect Rip Deck,59.99000168,0,6/10/2015 3:58,Second Class
DEBIT,4,4,38.66999817,110.4899979,Shipping on time,0,18,Men's Footwear,5651,Michelle Smith,West Chester,EE. UU.,Consumer,PA,3874 Cotton Heath,19380,4,Apparel,39.96376801,-75.60626221,Europe,London,Reino Unido,5651,7/28/2017 5:52,64343,403,19.5,0.150000006,160842,129.9900055,0.349999994,1,129.9900055,110.4899979,38.66999817,Northern Europe,Inglaterra,ON_HOLD,403,18,Nike Men's CJ Elite 2 TD Football Cleat,129.9900055,0,8/1/2017 5:52,Standard Class
TRANSFER,3,4,40.65000153,82.97000122,Advance shipping,0,46,Indoor/Outdoor Games,6022,Mary Smith,West Chester,EE. UU.,Consumer,PA,6007 Velvet Maze,19380,7,Fan Shop,39.96376801,-75.60626221,Europe,Marano di Napoli,Italia,6022,10/20/2015 9:45,20032,1014,16.98999977,0.170000002,50085,49.97999954,0.49000001,2,99.95999908,82.97000122,40.65000153,Southern Europe,Campania,PENDING,1014,46,O'Brien Men's Neoprene Life Vest,49.97999954,0,10/23/2015 9:45,Standard Class
TRANSFER,2,4,26.63999939,81.97000122,Advance shipping,0,46,Indoor/Outdoor Games,6022,Mary Smith,West Chester,EE. UU.,Consumer,PA,6007 Velvet Maze,19380,7,Fan Shop,39.96376801,-75.60626221,Pacific Asia,Bagdad,Irak,6022,10/5/2016 23:26,44116,1014,17.98999977,0.180000007,110169,49.97999954,0.330000013,2,99.95999908,81.97000122,26.63999939,West Asia,Bagdad,PROCESSING,1014,46,O'Brien Men's Neoprene Life Vest,49.97999954,0,10/7/2016 23:26,Standard Class
TRANSFER,2,2,-57.00999832,158.3699951,Shipping canceled,0,17,Cleats,6022,Mary Smith,West Chester,EE. UU.,Consumer,PA,6007 Velvet Maze,19380,4,Apparel,39.96376801,-75.60626221,Europe,Limoges,Francia,6022,6/8/2015 3:58,10836,365,21.60000038,0.119999997,27122,59.99000168,-0.360000014,3,179.9700012,158.3699951,-57.00999832,Western Europe,Aquitania-Lemos­n-Poitou-Charentes,SUSPECTED_FRAUD,365,17,Perfect Fitness Perfect Rip Deck,59.99000168,0,6/10/2015 3:58,Second Class
TRANSFER,4,4,154.8600006,494.75,Shipping canceled,0,38,Kids' Golf Clubs,1678,Mary Stephenson,West Chester,EE. UU.,Home Office,PA,421 Pleasant Diversion,19380,6,Outdoors,39.96343231,-75.59877014,Europe,Lucerna,Suiza,1678,9/7/2017 16:50,67183,295,5,0.01,167921,99.94999695,0.310000002,5,499.75,494.75,154.8600006,Western Europe,Lucerna,SUSPECTED_FRAUD,295,38,Fitbit The One Wireless Activity & Sleep Trac,99.94999695,0,9/11/2017 16:50,Standard Class
PAYMENT,3,4,83.19999695,319.980011,Advance shipping,0,45,Fishing,6670,Betty Lopez,West Chester,EE. UU.,Corporate,PA,4971 Indian Campus,19380,7,Fan Shop,39.96376801,-75.60626221,LATAM,Reynosa,M?xico,6670,3/31/2015 6:42,6117,1004,80,0.200000003,15283,399.980011,0.25999999,1,399.980011,319.980011,83.19999695,Central America,Tamaulipas,PENDING_PAYMENT,1004,45,Field & Stream Sportsman 16 Gun Fire Safe,399.980011,0,4/3/2015 6:42,Standard Class
DEBIT,3,2,28.55999947,167.9900055,Late delivery,1,48,Water Sports,10545,Kenneth Smith,West Chester,EE. UU.,Consumer,PA,3520 Hazy Inlet,19380,7,Fan Shop,39.98681259,-75.54330444,Pacific Asia,Binzhou,China,10545,11/29/2015 4:26,22757,1073,32,0.159999996,56943,199.9900055,0.170000002,1,199.9900055,167.9900055,28.55999947,Eastern Asia,Heilongjiang,COMPLETE,1073,48,Pelican Sunstream 100 Kayak,199.9900055,0,12/2/2015 4:26,Second Class
CASH,4,4,42.5,169.9799957,Shipping on time,0,9,Cardio Equipment,10545,Kenneth Smith,West Chester,EE. UU.,Consumer,PA,3520 Hazy Inlet,19380,3,Footwear,39.98681259,-75.54330444,Pacific Asia,Shangh˙i,China,10545,11/25/2015 4:26,22483,191,30,0.150000006,56261,99.98999786,0.25,2,199.9799957,169.9799957,42.5,Eastern Asia,Shangh˙i,CLOSED,191,9,Nike Men's Free 5.0+ Running Shoe,99.98999786,0,11/29/2015 4:26,Standard Class
CASH,6,4,-25.20999908,112.0400009,Late delivery,1,30,Men's Golf Clubs,2504,Mary Smith,West Chester,EE. UU.,Corporate,PA,1548 Lazy Place,19380,6,Outdoors,39.96376801,-75.60626221,LATAM,Pirapora,Brasil,2504,6/15/2017 3:18,61390,647,22.95000076,0.170000002,153563,134.9900055,-0.230000004,1,134.9900055,112.0400009,-25.20999908,South America,Minas Gerais,CLOSED,647,30,Merrell Women's Siren Mid Waterproof Hiking B,134.9900055,0,6/21/2017 3:18,Standard Class
TRANSFER,4,4,-1.870000005,144,Shipping canceled,0,24,Women's Apparel,1678,Mary Stephenson,West Chester,EE. UU.,Home Office,PA,421 Pleasant Diversion,19380,5,Golf,39.96343231,-75.59877014,Europe,Lucerna,Suiza,1678,9/7/2017 16:50,67183,502,6,0.039999999,167920,50,-0.01,3,150,144,-1.870000005,Western Europe,Lucerna,SUSPECTED_FRAUD,502,24,Nike Men's Dri-FIT Victory Golf Polo,50,0,9/11/2017 16:50,Standard Class
TRANSFER,4,4,16.27000046,144,Shipping on time,0,24,Women's Apparel,6670,Betty Lopez,West Chester,EE. UU.,Corporate,PA,4971 Indian Campus,19380,5,Golf,39.96376801,-75.60626221,Africa,Wad Madani,Sud˙n,6670,9/23/2016 14:21,43268,502,6,0.039999999,108084,50,0.109999999,3,150,144,16.27000046,North Africa,Gezira,PROCESSING,502,24,Nike Men's Dri-FIT Victory Golf Polo,50,0,9/27/2016 14:21,Standard Class
DEBIT,5,4,8.119999886,49.79000092,Late delivery,1,17,Cleats,2504,Mary Smith,West Chester,EE. UU.,Corporate,PA,1548 Lazy Place,19380,4,Apparel,39.96376801,-75.60626221,Africa,Kolwezi,Repśblica Democr˙tica del Congo,2504,12/5/2016 9:10,48254,365,10.19999981,0.170000002,120685,59.99000168,0.159999996,1,59.99000168,49.79000092,8.119999886,Central Africa,Katanga,COMPLETE,365,17,Perfect Fitness Perfect Rip Deck,59.99000168,0,12/10/2016 9:10,Standard Class
CASH,3,4,12.78999996,49.18999863,Advance shipping,0,17,Cleats,6670,Betty Lopez,West Chester,EE. UU.,Corporate,PA,4971 Indian Campus,19380,4,Apparel,39.96376801,-75.60626221,Europe,Zabrze,Polonia,6670,12/15/2016 4:57,48927,365,10.80000019,0.180000007,122345,59.99000168,0.25999999,1,59.99000168,49.18999863,12.78999996,Eastern Europe,Silesia,CLOSED,365,17,Perfect Fitness Perfect Rip Deck,59.99000168,0,12/18/2016 4:57,Standard Class
TRANSFER,3,4,195.9900055,399.980011,Advance shipping,0,45,Fishing,6670,Betty Lopez,West Chester,EE. UU.,Corporate,PA,4971 Indian Campus,19380,7,Fan Shop,39.96376801,-75.60626221,Africa,Larache,Marruecos,6670,10/12/2016 6:26,44547,1004,0,0,111225,399.980011,0.49000001,1,399.980011,399.980011,195.9900055,North Africa,T˙nger-Tetu˙n,PROCESSING,1004,45,Field & Stream Sportsman 16 Gun Fire Safe,399.980011,0,10/15/2016 6:26,Standard Class
CASH,4,4,0,199.9900055,Shipping on time,0,48,Water Sports,10545,Kenneth Smith,West Chester,EE. UU.,Consumer,PA,3520 Hazy Inlet,19380,7,Fan Shop,39.98681259,-75.54330444,Pacific Asia,Shangh˙i,China,10545,11/25/2015 4:26,22483,1073,0,0,56262,199.9900055,0,1,199.9900055,199.9900055,0,Eastern Asia,Shangh˙i,CLOSED,1073,48,Pelican Sunstream 100 Kayak,199.9900055,0,11/29/2015 4:26,Standard Class
PAYMENT,2,1,-95.27999878,129.9900055,Late delivery,1,18,Men's Footwear,5651,Michelle Smith,West Chester,EE. UU.,Consumer,PA,3874 Cotton Heath,19380,4,Apparel,39.96376801,-75.60626221,LATAM,San Pedro Sula,Honduras,5651,5/6/2015 7:21,8585,403,0,0,21423,129.9900055,-0.730000019,1,129.9900055,129.9900055,-95.27999878,Central America,Cort?s,PAYMENT_REVIEW,403,18,Nike Men's CJ Elite 2 TD Football Cleat,129.9900055,0,5/8/2015 7:21,First Class
TRANSFER,3,4,14.60999966,37.45999908,Advance shipping,0,35,Golf Gloves,2327,Helen Martin,West Chester,EE. UU.,Corporate,PA,9533 High Mountain,19380,6,Outdoors,39.96376801,-75.60626221,LATAM,San Crist›bal de Las Casas,M?xico,2327,5/18/2015 3:50,9397,775,12.48999977,0.25,23451,9.989999771,0.389999986,5,49.95000076,37.45999908,14.60999966,Central America,Chiapas,PROCESSING,775,35,Clicgear 8.0 Shoe Brush,9.989999771,0,5/21/2015 3:50,Standard Class
TRANSFER,3,4,54.43999863,173.9299927,Advance shipping,0,46,Indoor/Outdoor Games,6022,Mary Smith,West Chester,EE. UU.,Consumer,PA,6007 Velvet Maze,19380,7,Fan Shop,39.96376801,-75.60626221,Europe,Marano di Napoli,Italia,6022,10/20/2015 9:45,20032,1014,25.98999977,0.129999995,50083,49.97999954,0.310000002,4,199.9199982,173.9299927,54.43999863,Southern Europe,Campania,PENDING,1014,46,O'Brien Men's Neoprene Life Vest,49.97999954,0,10/23/2015 9:45,Standard Class
PAYMENT,3,4,81.59999847,169.9900055,Advance shipping,0,48,Water Sports,6670,Betty Lopez,West Chester,EE. UU.,Corporate,PA,4971 Indian Campus,19380,7,Fan Shop,39.96376801,-75.60626221,LATAM,Reynosa,M?xico,6670,3/31/2015 6:42,6117,1073,30,0.150000006,15282,199.9900055,0.479999989,1,199.9900055,169.9900055,81.59999847,Central America,Tamaulipas,PENDING_PAYMENT,1073,48,Pelican Sunstream 100 Kayak,199.9900055,0,4/3/2015 6:42,Standard Class
TRANSFER,6,4,0,169.9900055,Late delivery,1,48,Water Sports,5651,Michelle Smith,West Chester,EE. UU.,Consumer,PA,3874 Cotton Heath,19380,7,Fan Shop,39.96376801,-75.60626221,USCA,New York City,Estados Unidos,5651,7/3/2016 21:07,37670,1073,30,0.150000006,94026,199.9900055,0,1,199.9900055,169.9900055,0,East of USA,Nueva York,PROCESSING,1073,48,Pelican Sunstream 100 Kayak,199.9900055,0,7/9/2016 21:07,Standard Class
TRANSFER,4,4,73.80000305,205,Shipping on time,0,24,Women's Apparel,6670,Betty Lopez,West Chester,EE. UU.,Corporate,PA,4971 Indian Campus,19380,5,Golf,39.96376801,-75.60626221,Africa,Wad Madani,Sud˙n,6670,9/23/2016 14:21,43268,502,45,0.180000007,108085,50,0.360000014,5,250,205,73.80000305,North Africa,Gezira,PROCESSING,502,24,Nike Men's Dri-FIT Victory Golf Polo,50,0,9/27/2016 14:21,Standard Class
PAYMENT,2,1,-215.9100037,143.9400024,Late delivery,1,46,Indoor/Outdoor Games,10545,Kenneth Smith,West Chester,EE. UU.,Consumer,PA,3520 Hazy Inlet,19380,7,Fan Shop,39.98681259,-75.54330444,LATAM,Chinandega,Nicaragua,10545,2/15/2015 7:28,3105,1014,6,0.039999999,7728,49.97999954,-1.5,3,149.9400024,143.9400024,-215.9100037,Central America,Chinandega,PENDING_PAYMENT,1014,46,O'Brien Men's Neoprene Life Vest,49.97999954,0,2/17/2015 7:28,First Class
PAYMENT,2,1,-111.5500031,145.4400024,Late delivery,1,46,Indoor/Outdoor Games,10545,Kenneth Smith,West Chester,EE. UU.,Consumer,PA,3520 Hazy Inlet,19380,7,Fan Shop,39.98681259,-75.54330444,LATAM,Chinandega,Nicaragua,10545,2/15/2015 7:28,3105,1014,4.5,0.029999999,7729,49.97999954,-0.769999981,3,149.9400024,145.4400024,-111.5500031,Central America,Chinandega,PENDING_PAYMENT,1014,46,O'Brien Men's Neoprene Life Vest,49.97999954,0,2/17/2015 7:28,First Class
TRANSFER,2,4,10.60999966,44.18999863,Advance shipping,0,37,Electronics,10545,Kenneth Smith,West Chester,EE. UU.,Consumer,PA,3520 Hazy Inlet,19380,6,Outdoors,39.98681259,-75.54330444,LATAM,Bogot˙,Colombia,10545,2/3/2017 6:17,52356,821,7.800000191,0.150000006,130842,51.99000168,0.239999995,1,51.99000168,44.18999863,10.60999966,South America,Bogot˙,PROCESSING,821,37,Titleist Pro V1 High Numbers Personalized Gol,51.99000168,0,2/5/2017 6:17,Standard Class
DEBIT,2,4,143.9900055,299.980011,Advance shipping,0,43,Camping & Hiking,5563,Paul Trevino,West Chester,EE. UU.,Corporate,PA,5667 Quaking Bear Bay,19380,7,Fan Shop,39.96376801,-75.60626221,Africa,Krugersdorp,SudAfrica,5563,9/11/2016 23:07,42471,957,0,0,106018,299.980011,0.479999989,1,299.980011,299.980011,143.9900055,Southern Africa,Gauteng,COMPLETE,957,43,Diamondback Women's Serene Classic Comfort Bi,299.980011,0,9/13/2016 23:07,Standard Class
DEBIT,2,2,132.9900055,379.980011,Shipping on time,0,45,Fishing,1678,Mary Stephenson,West Chester,EE. UU.,Home Office,PA,421 Pleasant Diversion,19380,7,Fan Shop,39.96343231,-75.59877014,Europe,Solna,Suecia,1678,8/24/2017 8:48,66201,1004,20,0.050000001,165492,399.980011,0.349999994,1,399.980011,379.980011,132.9900055,Northern Europe,Estocolmo,COMPLETE,1004,45,Field & Stream Sportsman 16 Gun Fire Safe,399.980011,0,8/26/2017 8:48,Second Class
DEBIT,2,2,120.1900024,383.980011,Shipping on time,0,45,Fishing,1678,Mary Stephenson,West Chester,EE. UU.,Home Office,PA,421 Pleasant Diversion,19380,7,Fan Shop,39.96343231,-75.59877014,Europe,Solna,Suecia,1678,8/24/2017 8:48,66201,1004,16,0.039999999,165494,399.980011,0.310000002,1,399.980011,383.980011,120.1900024,Northern Europe,Estocolmo,COMPLETE,1004,45,Field & Stream Sportsman 16 Gun Fire Safe,399.980011,0,8/26/2017 8:48,Second Class
CASH,4,4,48.02000046,137.1999969,Shipping on time,0,26,Girls' Apparel,10545,Kenneth Smith,West Chester,EE. UU.,Consumer,PA,3520 Hazy Inlet,19380,5,Golf,39.98681259,-75.54330444,Pacific Asia,Shangh˙i,China,10545,11/25/2015 4:26,22483,565,2.799999952,0.02,56259,70,0.349999994,2,140,137.1999969,48.02000046,Eastern Asia,Shangh˙i,CLOSED,565,26,adidas Youth Germany Black/Red Away Match Soc,70,0,11/29/2015 4:26,Standard Class
DEBIT,3,2,-20.90999985,331.9700012,Late delivery,1,9,Cardio Equipment,2504,Mary Smith,West Chester,EE. UU.,Corporate,PA,1548 Lazy Place,19380,3,Footwear,39.96376801,-75.60626221,Pacific Asia,Whyalla,Australia,2504,11/18/2015 0:25,21992,191,67.98999786,0.170000002,55019,99.98999786,-0.059999999,4,399.9599915,331.9700012,-20.90999985,Oceania,Australia del Sur,COMPLETE,191,9,Nike Men's Free 5.0+ Running Shoe,99.98999786,0,11/21/2015 0:25,Second Class
PAYMENT,6,4,73.91000366,167.9799957,Late delivery,1,9,Cardio Equipment,8464,Mary Knight,West Chester,EE. UU.,Home Office,PA,8349 Round Road,19380,3,Footwear,39.96141434,-75.60319519,LATAM,Tegucigalpa,Honduras,8464,4/10/2015 5:59,6800,191,32,0.159999996,17013,99.98999786,0.439999998,2,199.9799957,167.9799957,73.91000366,Central America,Francisco Moraz˙n,PAYMENT_REVIEW,191,9,Nike Men's Free 5.0+ Running Shoe,99.98999786,0,4/16/2015 5:59,Standard Class
CASH,4,4,13.92000008,47.99000168,Shipping on time,0,17,Cleats,10545,Kenneth Smith,West Chester,EE. UU.,Consumer,PA,3520 Hazy Inlet,19380,4,Apparel,39.98681259,-75.54330444,Pacific Asia,Shangh˙i,China,10545,11/25/2015 4:26,22483,365,12,0.200000003,56260,59.99000168,0.289999992,1,59.99000168,47.99000168,13.92000008,Eastern Asia,Shangh˙i,CLOSED,365,17,Perfect Fitness Perfect Rip Deck,59.99000168,0,11/29/2015 4:26,Standard Class
TRANSFER,2,4,-239.9799957,299.9700012,Advance shipping,0,9,Cardio Equipment,2504,Mary Smith,West Chester,EE. UU.,Corporate,PA,1548 Lazy Place,19380,3,Footwear,39.96376801,-75.60626221,Europe,Berl­n,Alemania,2504,9/27/2015 20:07,18486,191,0,0,46212,99.98999786,-0.800000012,3,299.9700012,299.9700012,-239.9799957,Western Europe,Berl­n,PENDING,191,9,Nike Men's Free 5.0+ Running Shoe,99.98999786,0,9/29/2015 20:07,Standard Class
TRANSFER,2,4,7.559999943,75.58000183,Advance shipping,0,29,Shop By Sport,10545,Kenneth Smith,West Chester,EE. UU.,Consumer,PA,3520 Hazy Inlet,19380,5,Golf,39.98681259,-75.54330444,LATAM,Bogot˙,Colombia,10545,2/3/2017 6:17,52356,627,4.400000095,0.059999999,130843,39.99000168,0.100000001,2,79.98000336,75.58000183,7.559999943,South America,Bogot˙,PROCESSING,627,29,Under Armour Girls' Toddler Spine Surge Runni,39.99000168,0,2/5/2017 6:17,Standard Class
DEBIT,4,4,-16.87000084,74.97000122,Shipping on time,0,46,Indoor/Outdoor Games,5651,Michelle Smith,West Chester,EE. UU.,Consumer,PA,3874 Cotton Heath,19380,7,Fan Shop,39.96376801,-75.60626221,Europe,London,Reino Unido,5651,7/28/2017 5:52,64343,1014,24.98999977,0.25,160839,49.97999954,-0.230000004,2,99.95999908,74.97000122,-16.87000084,Northern Europe,Inglaterra,ON_HOLD,1014,46,O'Brien Men's Neoprene Life Vest,49.97999954,0,8/1/2017 5:52,Standard Class
TRANSFER,2,1,-94.68000031,157.8000031,Late delivery,1,67,DVDs,14940,Britanney Jefferson,West Chester,EE. UU.,Consumer,PA,1548 Lazy Place,19380,9,Discs Shop,39.96376801,-75.60626221,Europe,Groningen,Pa­ses Bajos,14940,11/8/2017 1:41,71387,1354,6.579999924,0.039999999,174702,164.3800049,-0.600000024,1,164.3800049,157.8000031,-94.68000031,Western Europe,Groningen,PENDING,1354,67,DVDs ,164.3800049,0,11/10/2017 1:41,First Class
DEBIT,6,4,11.39999962,113.9800034,Late delivery,1,17,Cleats,5521,Mary Williamson,West Chester,EE. UU.,Home Office,PA,1972 Burning Extension,19380,4,Apparel,39.98081207,-75.78192139,Pacific Asia,Hobart,Australia,5521,10/29/2015 5:00,20635,365,6,0.050000001,51558,59.99000168,0.100000001,2,119.9800034,113.9800034,11.39999962,Oceania,Tasmania,COMPLETE,365,17,Perfect Fitness Perfect Rip Deck,59.99000168,0,11/4/2015 5:00,Standard Class
PAYMENT,5,2,0,165.9900055,Late delivery,1,48,Water Sports,8464,Mary Knight,West Chester,EE. UU.,Home Office,PA,8349 Round Road,19380,7,Fan Shop,39.96141434,-75.60319519,LATAM,San Pedro Sula,Honduras,8464,3/10/2017 16:55,54784,1073,34,0.170000002,137023,199.9900055,0,1,199.9900055,165.9900055,0,Central America,Cort?s,PENDING_PAYMENT,1073,48,Pelican Sunstream 100 Kayak,199.9900055,0,3/15/2017 16:55,Second Class
TRANSFER,2,4,89.63999939,331.980011,Advance shipping,0,45,Fishing,6022,Mary Smith,West Chester,EE. UU.,Consumer,PA,6007 Velvet Maze,19380,7,Fan Shop,39.96376801,-75.60626221,Pacific Asia,Bagdad,Irak,6022,10/5/2016 23:26,44116,1004,68,0.170000002,110168,399.980011,0.270000011,1,399.980011,331.980011,89.63999939,West Asia,Bagdad,PROCESSING,1004,45,Field & Stream Sportsman 16 Gun Fire Safe,399.980011,0,10/7/2016 23:26,Standard Class
DEBIT,2,1,33.43999863,379.980011,Late delivery,1,45,Fishing,10545,Kenneth Smith,West Chester,EE. UU.,Consumer,PA,3520 Hazy Inlet,19380,7,Fan Shop,39.98681259,-75.54330444,Pacific Asia,Devonport,Australia,10545,11/9/2015 6:55,21394,1004,20,0.050000001,53500,399.980011,0.090000004,1,399.980011,379.980011,33.43999863,Oceania,Tasmania,COMPLETE,1004,45,Field & Stream Sportsman 16 Gun Fire Safe,399.980011,0,11/11/2015 6:55,First Class
PAYMENT,6,4,139.9900055,399.980011,Late delivery,1,45,Fishing,8464,Mary Knight,West Chester,EE. UU.,Home Office,PA,8349 Round Road,19380,7,Fan Shop,39.96141434,-75.60319519,LATAM,Tegucigalpa,Honduras,8464,4/10/2015 5:59,6800,1004,0,0,17011,399.980011,0.349999994,1,399.980011,399.980011,139.9900055,Central America,Francisco Moraz˙n,PAYMENT_REVIEW,1004,45,Field & Stream Sportsman 16 Gun Fire Safe,399.980011,0,4/16/2015 5:59,Standard Class
TRANSFER,4,4,102.9499969,395.9599915,Shipping canceled,0,9,Cardio Equipment,1678,Mary Stephenson,West Chester,EE. UU.,Home Office,PA,421 Pleasant Diversion,19380,3,Footwear,39.96343231,-75.59877014,Europe,Lucerna,Suiza,1678,9/7/2017 16:50,67183,191,4,0.01,167922,99.98999786,0.25999999,4,399.9599915,395.9599915,102.9499969,Western Europe,Lucerna,SUSPECTED_FRAUD,191,9,Nike Men's Free 5.0+ Running Shoe,99.98999786,0,9/11/2017 16:50,Standard Class
PAYMENT,6,2,110.2399979,293.9700012,Late delivery,1,9,Cardio Equipment,2327,Helen Martin,West Chester,EE. UU.,Corporate,PA,9533 High Mountain,19380,3,Footwear,39.96376801,-75.60626221,USCA,Oceanside,Estados Unidos,2327,5/13/2016 11:54,34150,191,6,0.02,85252,99.98999786,0.379999995,3,299.9700012,293.9700012,110.2399979,East of USA,Nueva York,PENDING_PAYMENT,191,9,Nike Men's Free 5.0+ Running Shoe,99.98999786,0,5/19/2016 11:54,Second Class
TRANSFER,5,4,-189.8300018,247.5,Late delivery,1,24,Women's Apparel,10545,Kenneth Smith,West Chester,EE. UU.,Consumer,PA,3520 Hazy Inlet,19380,5,Golf,39.98681259,-75.54330444,LATAM,Tegucigalpa,Honduras,10545,2/19/2017 15:43,53479,502,2.5,0.01,133639,50,-0.769999981,5,250,247.5,-189.8300018,Central America,Francisco Moraz˙n,PENDING,502,24,Nike Men's Dri-FIT Victory Golf Polo,50,0,2/24/2017 15:43,Standard Class
TRANSFER,0,0,-359.9599915,239.9700012,Shipping on time,0,31,Women's Golf Clubs,8464,Mary Knight,West Chester,EE. UU.,Home Office,PA,8349 Round Road,19380,6,Outdoors,39.96141434,-75.60319519,LATAM,C›rdoba,M?xico,8464,5/11/2017 4:13,58995,691,0,0,147679,79.98999786,-1.5,3,239.9700012,239.9700012,-359.9599915,Central America,Veracruz,PROCESSING,691,31,MDGolf Pittsburgh Penguins Putter,79.98999786,0,5/11/2017 16:13,Same Day
TRANSFER,2,1,24.5699997,217.4100037,Shipping canceled,0,46,Indoor/Outdoor Games,2504,Mary Smith,West Chester,EE. UU.,Corporate,PA,1548 Lazy Place,19380,7,Fan Shop,39.96376801,-75.60626221,USCA,Laval,Canada,2504,9/4/2016 16:18,41972,1014,32.49000168,0.129999995,104775,49.97999954,0.109999999,5,249.8999939,217.4100037,24.5699997,Canada,Quebec,SUSPECTED_FRAUD,1014,46,O'Brien Men's Neoprene Life Vest,49.97999954,0,9/6/2016 16:18,First Class
PAYMENT,2,4,380.25,1125,Advance shipping,0,64,Computers,14114,Hedy Baird,West Chester,EE. UU.,Corporate,PA,421 Pleasant Diversion,19380,10,Technology,39.96376801,-75.60626221,Europe,Duisburg,Alemania,14114,10/27/2017 0:18,70561,1351,375,0.25,173876,1500,0.340000004,1,1500,1125,380.25,Western Europe,Renania del Norte-Westfalia,PENDING_PAYMENT,1351,64,Dell Laptop,1500,0,10/29/2017 0:18,Standard Class
TRANSFER,4,4,14.76000023,196.7700043,Shipping on time,0,17,Cleats,5563,Paul Trevino,West Chester,EE. UU.,Corporate,PA,5667 Quaking Bear Bay,19380,4,Apparel,39.96376801,-75.60626221,LATAM,S?o Paulo,Brasil,5563,3/11/2017 11:50,54838,365,43.18999863,0.180000007,137165,59.99000168,0.079999998,4,239.9600067,196.7700043,14.76000023,South America,S?o Paulo,PROCESSING,365,17,Perfect Fitness Perfect Rip Deck,59.99000168,0,3/15/2017 11:50,Standard Class
PAYMENT,5,4,12.94999981,49.79000092,Late delivery,1,17,Cleats,5563,Paul Trevino,West Chester,EE. UU.,Corporate,PA,5667 Quaking Bear Bay,19380,4,Apparel,39.96376801,-75.60626221,Europe,Cagliari,Italia,5563,8/24/2015 1:35,16104,365,10.19999981,0.170000002,40226,59.99000168,0.25999999,1,59.99000168,49.79000092,12.94999981,Southern Europe,Cerde?a,PENDING_PAYMENT,365,17,Perfect Fitness Perfect Rip Deck,59.99000168,0,8/29/2015 1:35,Standard Class
TRANSFER,5,4,2.460000038,122.8399963,Late delivery,1,18,Men's Footwear,10545,Kenneth Smith,West Chester,EE. UU.,Consumer,PA,3520 Hazy Inlet,19380,4,Apparel,39.98681259,-75.54330444,LATAM,Tegucigalpa,Honduras,10545,2/19/2017 15:43,53479,403,7.150000095,0.059999999,133638,129.9900055,0.02,1,129.9900055,122.8399963,2.460000038,Central America,Francisco Moraz˙n,PENDING,403,18,Nike Men's CJ Elite 2 TD Football Cleat,129.9900055,0,2/24/2017 15:43,Standard Class
CASH,3,4,30,299.9899902,Advance shipping,0,45,Fishing,6670,Betty Lopez,West Chester,EE. UU.,Corporate,PA,4971 Indian Campus,19380,7,Fan Shop,39.96376801,-75.60626221,Europe,Zabrze,Polonia,6670,12/15/2016 4:57,48927,1004,100,0.25,122348,399.980011,0.100000001,1,399.980011,299.9899902,30,Eastern Europe,Silesia,CLOSED,1004,45,Field & Stream Sportsman 16 Gun Fire Safe,399.980011,0,12/18/2016 4:57,Standard Class
TRANSFER,2,1,-14.47000027,37.79000092,Shipping canceled,0,26,Girls' Apparel,2504,Mary Smith,West Chester,EE. UU.,Corporate,PA,1548 Lazy Place,19380,5,Golf,39.96376801,-75.60626221,USCA,Laval,Canada,2504,9/4/2016 16:18,41972,572,2.200000048,0.059999999,104774,39.99000168,-0.379999995,1,39.99000168,37.79000092,-14.47000027,Canada,Quebec,SUSPECTED_FRAUD,572,26,TYR Boys' Team Digi Jammer,39.99000168,0,9/6/2016 16:18,First Class
DEBIT,5,4,76.80000305,319.980011,Late delivery,1,45,Fishing,6670,Betty Lopez,West Chester,EE. UU.,Corporate,PA,4971 Indian Campus,19380,7,Fan Shop,39.96376801,-75.60626221,Europe,Bari,Italia,6670,9/17/2015 14:10,17784,1004,80,0.200000003,44443,399.980011,0.239999995,1,399.980011,319.980011,76.80000305,Southern Europe,Apulia,COMPLETE,1004,45,Field & Stream Sportsman 16 Gun Fire Safe,399.980011,0,9/22/2015 14:10,Standard Class
DEBIT,2,2,79.80999756,254.9799957,Shipping on time,0,43,Camping & Hiking,1678,Mary Stephenson,West Chester,EE. UU.,Home Office,PA,421 Pleasant Diversion,19380,7,Fan Shop,39.96343231,-75.59877014,Europe,Solna,Suecia,1678,8/24/2017 8:48,66201,957,45,0.150000006,165493,299.980011,0.310000002,1,299.980011,254.9799957,79.80999756,Northern Europe,Estocolmo,COMPLETE,957,43,Diamondback Women's Serene Classic Comfort Bi,299.980011,0,8/26/2017 8:48,Second Class
TRANSFER,3,4,33.84000015,72,Advance shipping,0,26,Girls' Apparel,6022,Mary Smith,West Chester,EE. UU.,Consumer,PA,6007 Velvet Maze,19380,5,Golf,39.96376801,-75.60626221,Europe,Marano di Napoli,Italia,6022,10/20/2015 9:45,20032,567,3,0.039999999,50082,25,0.469999999,3,75,72,33.84000015,Southern Europe,Campania,PENDING,567,26,adidas Men's Germany Black Crest Away Tee,25,0,10/23/2015 9:45,Standard Class
DEBIT,4,4,16.37999916,218.3600006,Shipping on time,0,17,Cleats,5651,Michelle Smith,West Chester,EE. UU.,Consumer,PA,3874 Cotton Heath,19380,4,Apparel,39.96376801,-75.60626221,Europe,London,Reino Unido,5651,7/28/2017 5:52,64343,365,21.60000038,0.090000004,160841,59.99000168,0.079999998,4,239.9600067,218.3600006,16.37999916,Northern Europe,Inglaterra,ON_HOLD,365,17,Perfect Fitness Perfect Rip Deck,59.99000168,0,8/1/2017 5:52,Standard Class
PAYMENT,5,2,61.5,164,Late delivery,1,24,Women's Apparel,8464,Mary Knight,West Chester,EE. UU.,Home Office,PA,8349 Round Road,19380,5,Golf,39.96141434,-75.60319519,LATAM,San Pedro Sula,Honduras,8464,3/10/2017 16:55,54784,502,36,0.180000007,137022,50,0.379999995,4,200,164,61.5,Central America,Cort?s,PENDING_PAYMENT,502,24,Nike Men's Dri-FIT Victory Golf Polo,50,0,3/15/2017 16:55,Second Class
DEBIT,6,4,-279,180,Late delivery,1,24,Women's Apparel,5521,Mary Williamson,West Chester,EE. UU.,Home Office,PA,1972 Burning Extension,19380,5,Golf,39.98081207,-75.78192139,Pacific Asia,Hobart,Australia,5521,10/29/2015 5:00,20635,502,20,0.100000001,51556,50,-1.549999952,4,200,180,-279,Oceania,Tasmania,COMPLETE,502,24,Nike Men's Dri-FIT Victory Golf Polo,50,0,11/4/2015 5:00,Standard Class
DEBIT,2,4,-949.9500122,379.980011,Advance shipping,0,45,Fishing,5563,Paul Trevino,West Chester,EE. UU.,Corporate,PA,5667 Quaking Bear Bay,19380,7,Fan Shop,39.96376801,-75.60626221,LATAM,Guayana,Venezuela,5563,5/27/2017 19:58,60136,1004,20,0.050000001,150492,399.980011,-2.5,1,399.980011,379.980011,-949.9500122,South America,Bol­var,COMPLETE,1004,45,Field & Stream Sportsman 16 Gun Fire Safe,399.980011,0,5/29/2017 19:58,Standard Class
DEBIT,2,2,18.89999962,251.9799957,Shipping on time,0,43,Camping & Hiking,1678,Mary Stephenson,West Chester,EE. UU.,Home Office,PA,421 Pleasant Diversion,19380,7,Fan Shop,39.96343231,-75.59877014,Europe,Solna,Suecia,1678,8/24/2017 8:48,66201,957,48,0.159999996,165490,299.980011,0.079999998,1,299.980011,251.9799957,18.89999962,Northern Europe,Estocolmo,COMPLETE,957,43,Diamondback Women's Serene Classic Comfort Bi,299.980011,0,8/26/2017 8:48,Second Class
DEBIT,2,4,125.2699966,260.9700012,Advance shipping,0,9,Cardio Equipment,5563,Paul Trevino,West Chester,EE. UU.,Corporate,PA,5667 Quaking Bear Bay,19380,3,Footwear,39.96376801,-75.60626221,Africa,Krugersdorp,SudAfrica,5563,9/11/2016 23:07,42471,191,39,0.129999995,106020,99.98999786,0.479999989,3,299.9700012,260.9700012,125.2699966,Southern Africa,Gauteng,COMPLETE,191,9,Nike Men's Free 5.0+ Running Shoe,99.98999786,0,9/13/2016 23:07,Standard Class
PAYMENT,4,4,80.95999908,175.9900055,Shipping on time,0,48,Water Sports,5563,Paul Trevino,West Chester,EE. UU.,Corporate,PA,5667 Quaking Bear Bay,19380,7,Fan Shop,39.96376801,-75.60626221,LATAM,Le›n,Nicaragua,5563,2/12/2017 11:42,52988,1073,24,0.119999997,132439,199.9900055,0.460000008,1,199.9900055,175.9900055,80.95999908,Central America,Le›n,PENDING_PAYMENT,1073,48,Pelican Sunstream 100 Kayak,199.9900055,0,2/16/2017 11:42,Standard Class
PAYMENT,6,4,-26.78000069,112.5,Late delivery,1,24,Women's Apparel,8464,Mary Knight,West Chester,EE. UU.,Home Office,PA,8349 Round Road,19380,5,Golf,39.96141434,-75.60319519,LATAM,Tegucigalpa,Honduras,8464,4/10/2015 5:59,6800,502,37.5,0.25,17012,50,-0.239999995,3,150,112.5,-26.78000069,Central America,Francisco Moraz˙n,PAYMENT_REVIEW,502,24,Nike Men's Dri-FIT Victory Golf Polo,50,0,4/16/2015 5:59,Standard Class
PAYMENT,5,4,-12.27999973,122.8399963,Late delivery,1,18,Men's Footwear,5563,Paul Trevino,West Chester,EE. UU.,Corporate,PA,5667 Quaking Bear Bay,19380,4,Apparel,39.96376801,-75.60626221,Europe,Cagliari,Italia,5563,8/24/2015 1:35,16104,403,7.150000095,0.059999999,40223,129.9900055,-0.100000001,1,129.9900055,122.8399963,-12.27999973,Southern Europe,Cerde?a,PENDING_PAYMENT,403,18,Nike Men's CJ Elite 2 TD Football Cleat,129.9900055,0,8/29/2015 1:35,Standard Class
DEBIT,2,1,78.19999695,169.9900055,Late delivery,1,48,Water Sports,2327,Helen Martin,West Chester,EE. UU.,Corporate,PA,9533 High Mountain,19380,7,Fan Shop,39.96376801,-75.60626221,Europe,Northampton,Reino Unido,2327,10/7/2015 21:30,19175,1073,30,0.150000006,47911,199.9900055,0.460000008,1,199.9900055,169.9900055,78.19999695,Northern Europe,Inglaterra,COMPLETE,1073,48,Pelican Sunstream 100 Kayak,199.9900055,0,10/9/2015 21:30,First Class
DEBIT,2,4,7.449999809,195.9900055,Advance shipping,0,48,Water Sports,5563,Paul Trevino,West Chester,EE. UU.,Corporate,PA,5667 Quaking Bear Bay,19380,7,Fan Shop,39.96376801,-75.60626221,LATAM,Guayana,Venezuela,5563,5/27/2017 19:58,60136,1073,4,0.02,150494,199.9900055,0.039999999,1,199.9900055,195.9900055,7.449999809,South America,Bol­var,COMPLETE,1073,48,Pelican Sunstream 100 Kayak,199.9900055,0,5/29/2017 19:58,Standard Class
DEBIT,2,1,-46.20000076,283.4500122,Late delivery,1,17,Cleats,10545,Kenneth Smith,West Chester,EE. UU.,Consumer,PA,3520 Hazy Inlet,19380,4,Apparel,39.98681259,-75.54330444,Pacific Asia,Devonport,Australia,10545,11/9/2015 6:55,21394,365,16.5,0.059999999,53499,59.99000168,-0.159999996,5,299.9500122,283.4500122,-46.20000076,Oceania,Tasmania,COMPLETE,365,17,Perfect Fitness Perfect Rip Deck,59.99000168,0,11/11/2015 6:55,First Class
TRANSFER,3,4,30.77000046,113.9800034,Advance shipping,0,17,Cleats,6670,Betty Lopez,West Chester,EE. UU.,Corporate,PA,4971 Indian Campus,19380,4,Apparel,39.96376801,-75.60626221,Africa,Larache,Marruecos,6670,10/12/2016 6:26,44547,365,6,0.050000001,111226,59.99000168,0.270000011,2,119.9800034,113.9800034,30.77000046,North Africa,T˙nger-Tetu˙n,PROCESSING,365,17,Perfect Fitness Perfect Rip Deck,59.99000168,0,10/15/2016 6:26,Standard Class
DEBIT,4,4,26.39999962,351.9599915,Shipping on time,0,9,Cardio Equipment,5651,Michelle Smith,West Chester,EE. UU.,Consumer,PA,3874 Cotton Heath,19380,3,Footwear,39.96376801,-75.60626221,Europe,London,Reino Unido,5651,7/28/2017 5:52,64343,191,48,0.119999997,160840,99.98999786,0.079999998,4,399.9599915,351.9599915,26.39999962,Northern Europe,Inglaterra,ON_HOLD,191,9,Nike Men's Free 5.0+ Running Shoe,99.98999786,0,8/1/2017 5:52,Standard Class
TRANSFER,3,4,89.08999634,197.9799957,Advance shipping,0,9,Cardio Equipment,6670,Betty Lopez,West Chester,EE. UU.,Corporate,PA,4971 Indian Campus,19380,3,Footwear,39.96376801,-75.60626221,Africa,Larache,Marruecos,6670,10/12/2016 6:26,44547,191,2,0.01,111227,99.98999786,0.449999988,2,199.9799957,197.9799957,89.08999634,North Africa,T˙nger-Tetu˙n,PROCESSING,191,9,Nike Men's Free 5.0+ Running Shoe,99.98999786,0,10/15/2016 6:26,Standard Class
TRANSFER,4,4,44.20000076,169.9900055,Shipping on time,0,48,Water Sports,5521,Mary Williamson,West Chester,EE. UU.,Home Office,PA,1972 Burning Extension,19380,7,Fan Shop,39.98081207,-75.78192139,Europe,Marsala,Italia,5521,7/3/2015 10:46,12568,1073,30,0.150000006,31462,199.9900055,0.25999999,1,199.9900055,169.9900055,44.20000076,Southern Europe,Sicilia,PENDING,1073,48,Pelican Sunstream 100 Kayak,199.9900055,0,7/7/2015 10:46,Standard Class
DEBIT,3,2,24.63999939,151.1699982,Late delivery,1,17,Cleats,2504,Mary Smith,West Chester,EE. UU.,Corporate,PA,1548 Lazy Place,19380,4,Apparel,39.96376801,-75.60626221,Pacific Asia,Whyalla,Australia,2504,11/18/2015 0:25,21992,365,28.79999924,0.159999996,55018,59.99000168,0.159999996,3,179.9700012,151.1699982,24.63999939,Oceania,Australia del Sur,COMPLETE,365,17,Perfect Fitness Perfect Rip Deck,59.99000168,0,11/21/2015 0:25,Second Class
TRANSFER,2,1,36.38999939,72.77999878,Late delivery,1,29,Shop By Sport,5563,Paul Trevino,West Chester,EE. UU.,Corporate,PA,5667 Quaking Bear Bay,19380,5,Golf,39.96376801,-75.60626221,LATAM,San Fernando,Trinidad y Tobago,5563,3/28/2015 7:14,5913,627,7.199999809,0.090000004,14709,39.99000168,0.5,2,79.98000336,72.77999878,36.38999939,Caribbean,San Fernando,PENDING,627,29,Under Armour Girls' Toddler Spine Surge Runni,39.99000168,0,3/30/2015 7:14,First Class
PAYMENT,5,2,-0.810000002,58.18999863,Late delivery,1,17,Cleats,8464,Mary Knight,West Chester,EE. UU.,Home Office,PA,8349 Round Road,19380,4,Apparel,39.96141434,-75.60319519,LATAM,San Pedro Sula,Honduras,8464,3/10/2017 16:55,54784,365,1.799999952,0.029999999,137021,59.99000168,-0.01,1,59.99000168,58.18999863,-0.810000002,Central America,Cort?s,PENDING_PAYMENT,365,17,Perfect Fitness Perfect Rip Deck,59.99000168,0,3/15/2017 16:55,Second Class
PAYMENT,6,4,12.60000038,419.9500122,Late delivery,1,66,Crafts,14763,Cherokee Bonner,West Chester,EE. UU.,Consumer,PA,9533 High Mountain,19380,4,Apparel,39.96376801,-75.60626221,Europe,Toulon,Francia,14763,11/5/2017 11:41,71210,1353,41.52999878,0.090000004,174525,461.480011,0.029999999,1,461.480011,419.9500122,12.60000038,Western Europe,Provenza-Alpes-Costa Azul,PENDING_PAYMENT,1353,66,Porcelain crafts,461.480011,0,11/11/2017 11:41,Standard Class
DEBIT,2,4,131.2400055,374.9599915,Advance shipping,0,9,Cardio Equipment,5563,Paul Trevino,West Chester,EE. UU.,Corporate,PA,5667 Quaking Bear Bay,19380,3,Footwear,39.96376801,-75.60626221,Africa,Krugersdorp,SudAfrica,5563,9/11/2016 23:07,42471,191,124.9899979,0.25,106017,99.98999786,0.349999994,5,499.9500122,374.9599915,131.2400055,Southern Africa,Gauteng,COMPLETE,191,9,Nike Men's Free 5.0+ Running Shoe,99.98999786,0,9/13/2016 23:07,Standard Class
TRANSFER,6,4,51.09000015,151.1600037,Late delivery,1,29,Shop By Sport,5651,Michelle Smith,West Chester,EE. UU.,Consumer,PA,3874 Cotton Heath,19380,5,Golf,39.96376801,-75.60626221,USCA,New York City,Estados Unidos,5651,7/3/2016 21:07,37670,627,8.800000191,0.059999999,94029,39.99000168,0.340000004,4,159.9600067,151.1600037,51.09000015,East of USA,Nueva York,PROCESSING,627,29,Under Armour Girls' Toddler Spine Surge Runni,39.99000168,0,7/9/2016 21:07,Standard Class
TRANSFER,3,4,45.04999924,143.9400024,Advance shipping,0,46,Indoor/Outdoor Games,2327,Helen Martin,West Chester,EE. UU.,Corporate,PA,9533 High Mountain,19380,7,Fan Shop,39.96376801,-75.60626221,LATAM,San Crist›bal de Las Casas,M?xico,2327,5/18/2015 3:50,9397,1014,6,0.039999999,23454,49.97999954,0.310000002,3,149.9400024,143.9400024,45.04999924,Central America,Chiapas,PROCESSING,1014,46,O'Brien Men's Neoprene Life Vest,49.97999954,0,5/21/2015 3:50,Standard Class
PAYMENT,2,1,27.27000046,205,Late delivery,1,24,Women's Apparel,10545,Kenneth Smith,West Chester,EE. UU.,Consumer,PA,3520 Hazy Inlet,19380,5,Golf,39.98681259,-75.54330444,LATAM,Chinandega,Nicaragua,10545,2/15/2015 7:28,3105,502,45,0.180000007,7731,50,0.129999995,5,250,205,27.27000046,Central America,Chinandega,PENDING_PAYMENT,502,24,Nike Men's Dri-FIT Victory Golf Polo,50,0,2/17/2015 7:28,First Class
DEBIT,2,1,-83.30000305,119,Late delivery,1,37,Electronics,5651,Michelle Smith,West Chester,EE. UU.,Consumer,PA,3874 Cotton Heath,19380,6,Outdoors,39.96376801,-75.60626221,Pacific Asia,Brisbane,Australia,5651,1/9/2016 9:06,25579,828,8.960000038,0.07,64080,31.98999977,-0.699999988,4,127.9599991,119,-83.30000305,Oceania,Queensland,COMPLETE,828,37,Bridgestone e6 Straight Distance NFL San Dieg,31.98999977,0,1/11/2016 9:06,First Class
DEBIT,2,2,1.070000052,28.89999962,Shipping on time,0,59,Books ,17534,Harriet Warner,West Chester,EE. UU.,Corporate,PA,1548 Lazy Place,19380,8,Book Shop,39.96376801,-75.60626221,Pacific Asia,Sydney,Australia,17534,12/15/2017 22:29,73981,1346,2.180000067,0.07,177296,31.07999992,0.039999999,1,31.07999992,28.89999962,1.070000052,Oceania,Nueva Gales del Sur,COMPLETE,1346,59,Sports Books ,31.07999992,0,12/17/2017 22:29,Second Class
DEBIT,2,2,-43.97000122,59.99000168,Shipping on time,0,17,Cleats,1678,Mary Stephenson,West Chester,EE. UU.,Home Office,PA,421 Pleasant Diversion,19380,4,Apparel,39.96343231,-75.59877014,Europe,Solna,Suecia,1678,8/24/2017 8:48,66201,365,0,0,165491,59.99000168,-0.730000019,1,59.99000168,59.99000168,-43.97000122,Northern Europe,Estocolmo,COMPLETE,365,17,Perfect Fitness Perfect Rip Deck,59.99000168,0,8/26/2017 8:48,Second Class
TRANSFER,2,4,-147.5800018,98.37999725,Advance shipping,0,17,Cleats,2504,Mary Smith,West Chester,EE. UU.,Corporate,PA,1548 Lazy Place,19380,4,Apparel,39.96376801,-75.60626221,Europe,Berl­n,Alemania,2504,9/27/2015 20:07,18486,365,21.60000038,0.180000007,46213,59.99000168,-1.5,2,119.9800034,98.37999725,-147.5800018,Western Europe,Berl­n,PENDING,365,17,Perfect Fitness Perfect Rip Deck,59.99000168,0,9/29/2015 20:07,Standard Class
DEBIT,6,2,19.79999924,45,Late delivery,1,24,Women's Apparel,6022,Mary Smith,West Chester,EE. UU.,Consumer,PA,6007 Velvet Maze,19380,5,Golf,39.96376801,-75.60626221,Pacific Asia,Nha Trang,Vietnam,6022,1/11/2016 1:45,25695,502,5,0.100000001,64352,50,0.439999998,1,50,45,19.79999924,Southeast Asia,Kh˙nh H?a,ON_HOLD,502,24,Nike Men's Dri-FIT Victory Golf Polo,50,0,1/17/2016 1:45,Second Class
PAYMENT,6,2,19.0699997,116.9899979,Late delivery,1,18,Men's Footwear,2327,Helen Martin,West Chester,EE. UU.,Corporate,PA,9533 High Mountain,19380,4,Apparel,39.96376801,-75.60626221,USCA,Oceanside,Estados Unidos,2327,5/13/2016 11:54,34150,403,13,0.100000001,85255,129.9900055,0.159999996,1,129.9900055,116.9899979,19.0699997,East of USA,Nueva York,PENDING_PAYMENT,403,18,Nike Men's CJ Elite 2 TD Football Cleat,129.9900055,0,5/19/2016 11:54,Second Class
DEBIT,2,1,84.16000366,248.9799957,Late delivery,1,43,Camping & Hiking,5651,Michelle Smith,West Chester,EE. UU.,Consumer,PA,3874 Cotton Heath,19380,7,Fan Shop,39.96376801,-75.60626221,Pacific Asia,Brisbane,Australia,5651,1/9/2016 9:06,25579,957,51,0.170000002,64081,299.980011,0.340000004,1,299.980011,248.9799957,84.16000366,Oceania,Queensland,COMPLETE,957,43,Diamondback Women's Serene Classic Comfort Bi,299.980011,0,1/11/2016 9:06,First Class
PAYMENT,3,4,63.66999817,227.4100037,Advance shipping,0,46,Indoor/Outdoor Games,6670,Betty Lopez,West Chester,EE. UU.,Corporate,PA,4971 Indian Campus,19380,7,Fan Shop,39.96376801,-75.60626221,LATAM,Reynosa,M?xico,6670,3/31/2015 6:42,6117,1014,22.48999977,0.090000004,15284,49.97999954,0.280000001,5,249.8999939,227.4100037,63.66999817,Central America,Tamaulipas,PENDING_PAYMENT,1014,46,O'Brien Men's Neoprene Life Vest,49.97999954,0,4/3/2015 6:42,Standard Class
DEBIT,2,4,61.72999954,189.9499969,Advance shipping,0,29,Shop By Sport,5563,Paul Trevino,West Chester,EE. UU.,Corporate,PA,5667 Quaking Bear Bay,19380,5,Golf,39.96376801,-75.60626221,Africa,Krugersdorp,SudAfrica,5563,9/11/2016 23:07,42471,627,10,0.050000001,106016,39.99000168,0.330000013,5,199.9499969,189.9499969,61.72999954,Southern Africa,Gauteng,COMPLETE,627,29,Under Armour Girls' Toddler Spine Surge Runni,39.99000168,0,9/13/2016 23:07,Standard Class
CASH,3,4,10.43999958,260.9599915,Advance shipping,0,17,Cleats,6670,Betty Lopez,West Chester,EE. UU.,Corporate,PA,4971 Indian Campus,19380,4,Apparel,39.96376801,-75.60626221,Europe,Zabrze,Polonia,6670,12/15/2016 4:57,48927,365,38.99000168,0.129999995,122346,59.99000168,0.039999999,5,299.9500122,260.9599915,10.43999958,Eastern Europe,Silesia,CLOSED,365,17,Perfect Fitness Perfect Rip Deck,59.99000168,0,12/18/2016 4:57,Standard Class
PAYMENT,2,2,-43.56000137,124.4499969,Shipping on time,0,46,Indoor/Outdoor Games,5563,Paul Trevino,West Chester,EE. UU.,Corporate,PA,5667 Quaking Bear Bay,19380,7,Fan Shop,39.96376801,-75.60626221,LATAM,Villa Nueva,Guatemala,5563,4/10/2017 19:51,56916,1014,25.48999977,0.170000002,142355,49.97999954,-0.349999994,3,149.9400024,124.4499969,-43.56000137,Central America,Guatemala,PENDING_PAYMENT,1014,46,O'Brien Men's Neoprene Life Vest,49.97999954,0,4/12/2017 19:51,Second Class
TRANSFER,4,4,-57.59000015,191.9700012,Shipping on time,0,17,Cleats,5563,Paul Trevino,West Chester,EE. UU.,Corporate,PA,5667 Quaking Bear Bay,19380,4,Apparel,39.96376801,-75.60626221,LATAM,S?o Paulo,Brasil,5563,3/11/2017 11:50,54838,365,47.99000168,0.200000003,137163,59.99000168,-0.300000012,4,239.9600067,191.9700012,-57.59000015,South America,S?o Paulo,PROCESSING,365,17,Perfect Fitness Perfect Rip Deck,59.99000168,0,3/15/2017 11:50,Standard Class
TRANSFER,2,1,86.3199997,331.980011,Late delivery,1,45,Fishing,2327,Helen Martin,West Chester,EE. UU.,Corporate,PA,9533 High Mountain,19380,7,Fan Shop,39.96376801,-75.60626221,Pacific Asia,Depok,Indonesia,2327,12/20/2015 6:20,24201,1004,68,0.170000002,60548,399.980011,0.25999999,1,399.980011,331.980011,86.3199997,Southeast Asia,Java Occidental,PROCESSING,1004,45,Field & Stream Sportsman 16 Gun Fire Safe,399.980011,0,12/22/2015 6:20,First Class
DEBIT,6,2,22.40999985,49.79000092,Late delivery,1,17,Cleats,6022,Mary Smith,West Chester,EE. UU.,Consumer,PA,6007 Velvet Maze,19380,4,Apparel,39.96376801,-75.60626221,Pacific Asia,Nha Trang,Vietnam,6022,1/11/2016 1:45,25695,365,10.19999981,0.170000002,64351,59.99000168,0.449999988,1,59.99000168,49.79000092,22.40999985,Southeast Asia,Kh˙nh H?a,ON_HOLD,365,17,Perfect Fitness Perfect Rip Deck,59.99000168,0,1/17/2016 1:45,Second Class
PAYMENT,6,2,4.320000172,24,Late delivery,1,26,Girls' Apparel,2327,Helen Martin,West Chester,EE. UU.,Corporate,PA,9533 High Mountain,19380,5,Golf,39.96376801,-75.60626221,USCA,Oceanside,Estados Unidos,2327,5/13/2016 11:54,34150,567,1,0.039999999,85253,25,0.180000007,1,25,24,4.320000172,East of USA,Nueva York,PENDING_PAYMENT,567,26,adidas Men's Germany Black Crest Away Tee,25,0,5/19/2016 11:54,Second Class
PAYMENT,3,4,-99,149.9900055,Advance shipping,0,48,Water Sports,6022,Mary Smith,West Chester,EE. UU.,Consumer,PA,6007 Velvet Maze,19380,7,Fan Shop,39.96376801,-75.60626221,Pacific Asia,Canberra,Australia,6022,1/17/2016 19:36,26157,1073,50,0.25,65479,199.9900055,-0.660000026,1,199.9900055,149.9900055,-99,Oceania,Territorio de la Capital Australiana,PAYMENT_REVIEW,1073,48,Pelican Sunstream 100 Kayak,199.9900055,0,1/20/2016 19:36,Standard Class
DEBIT,2,4,66.15000153,188.9900055,Advance shipping,0,48,Water Sports,5651,Michelle Smith,West Chester,EE. UU.,Consumer,PA,3874 Cotton Heath,19380,7,Fan Shop,39.96376801,-75.60626221,Europe,Cherkasy,Ucrania,5651,10/25/2016 18:09,45471,1073,11,0.059999999,113627,199.9900055,0.349999994,1,199.9900055,188.9900055,66.15000153,Eastern Europe,Cherkasy,COMPLETE,1073,48,Pelican Sunstream 100 Kayak,199.9900055,0,10/27/2016 18:09,Standard Class
TRANSFER,6,4,-593.9699707,395.980011,Late delivery,1,45,Fishing,5651,Michelle Smith,West Chester,EE. UU.,Consumer,PA,3874 Cotton Heath,19380,7,Fan Shop,39.96376801,-75.60626221,USCA,New York City,Estados Unidos,5651,7/3/2016 21:07,37670,1004,4,0.01,94027,399.980011,-1.5,1,399.980011,395.980011,-593.9699707,East of USA,Nueva York,PROCESSING,1004,45,Field & Stream Sportsman 16 Gun Fire Safe,399.980011,0,7/9/2016 21:07,Standard Class
DEBIT,4,4,92.61000061,189,Shipping on time,0,24,Women's Apparel,5521,Mary Williamson,West Chester,EE. UU.,Home Office,PA,1972 Burning Extension,19380,5,Golf,39.98081207,-75.78192139,LATAM,Pucallpa,Perś,5521,3/22/2017 7:05,55578,502,11,0.059999999,139014,50,0.49000001,4,200,189,92.61000061,South America,Ucayali,COMPLETE,502,24,Nike Men's Dri-FIT Victory Golf Polo,50,0,3/26/2017 7:05,Standard Class
